Datasheet,Image,DK Part #,Mfr Part #,Mfr,Supplier,Description,Stock,Price,@ qty,Min Qty, Package,Series,Product Status,"Number of Bits","Number of Channels","Power (Watts)","Voltage - Supply, Analog","Voltage - Supply, Digital","Mounting Type","Package / Case","Supplier Device Package","Grade","Qualification"
"https://ww1.microchip.com/downloads/en/DeviceDoc/21428e.pdf","//mm.digikey.com/Volume0/opasdata/d220001/medias/images/371/RW-16.jpg","TC500ACOE713TR-ND,TC500ACOE713CT-ND,TC500ACOE713DKR-ND","TC500ACOE713","Microchip Technology","Microchip Technology","IC AFE 1 CHAN 17BIT 16SOIC","1,486","5.4","0","1","Tape & Reel (TR),Cut Tape (CT),Digi-Reel®","-","Active","17","1","10 mW","±5V","±5V","Surface Mount","16-SOIC (0.295"", 7.50mm Width)","16-SOIC","-","-"
"https://www.analog.com/media/en/technical-documentation/data-sheets/AD73311.pdf","//mm.digikey.com/Volume0/opasdata/d220001/medias/images/4900/505~RS-20~RS~20.JPG","505-AD73311ARSZ-REELTR-ND,505-AD73311ARSZ-REELCT-ND,505-AD73311ARSZ-REELDKR-ND","AD73311ARSZ-REEL","Analog Devices Inc.","Analog Devices Inc.","IC AFE 1 CHAN 16BIT 20SSOP","10,500","8.82548","0","1","Tape & Reel (TR),Cut Tape (CT),Digi-Reel®","-","Active","16","1","50 mW","2.7V ~ 5.25V","2.7V ~ 5.25V","Surface Mount","20-SSOP (0.209"", 5.30mm Width)","20-SSOP","-","-"
"https://www.ti.com/general/docs/suppproductinfo.tsp?distId=10&gotoUrl=https%3A%2F%2Fwww.ti.com%2Flit%2Fgpn%2Fads131a04","//mm.digikey.com/Volume0/opasdata/d220001/medias/images/414/32-PBS.jpg","296-44202-2-ND,296-44202-1-ND,296-44202-6-ND","ADS131A04IPBSR","Texas Instruments","Texas Instruments","IC AFE 4 CHAN 24BIT 32TQFP","1,665","9.66","0","1","Tape & Reel (TR),Cut Tape (CT),Digi-Reel®","-","Active","24","4","-","3V ~ 5.5V","1.65V ~ 3.6V","Surface Mount","32-TQFP","32-TQFP (5x5)","-","-"
"https://www.analog.com/media/en/technical-documentation/data-sheets/AD5940-5941.pdf","//mm.digikey.com/Volume0/opasdata/d220001/medias/images/306/505;-CB-56-3;-CB;-56.jpg","505-AD5940BCBZ-RLTR-ND,505-AD5940BCBZ-RLCT-ND,505-AD5940BCBZ-RLDKR-ND","AD5940BCBZ-RL","Analog Devices Inc.","Analog Devices Inc.","IC AFE 1 CHAN 16BIT 56WLCSP","462","11.35","0","1","Tape & Reel (TR),Cut Tape (CT),Digi-Reel®","-","Active","16","1","-","2.8V ~ 3.6V","2.8V ~ 3.6V","Surface Mount","56-UFBGA, WLCSP","56-WLCSP (3.56x4.16)","-","-"
"https://www.analog.com/media/en/technical-documentation/data-sheets/AD5940-5941.pdf","//mm.digikey.com/Volume0/opasdata/d220001/medias/images/451/Analog-48-LFCSP-Exposed-Pad.jpg","505-AD5941BCPZ-RL7TR-ND,505-AD5941BCPZ-RL7CT-ND,505-AD5941BCPZ-RL7DKR-ND","AD5941BCPZ-RL7","Analog Devices Inc.","Analog Devices Inc.","BIO-IMPEDANCE & ELECTROCHEMICAL","1,797","11.45","0","1","Tape & Reel (TR),Cut Tape (CT),Digi-Reel®","-","Active","16","1","-","2.8V ~ 3.6V","2.8V ~ 3.6V","-","-","-","-","-"
"https://www.ti.com/general/docs/suppproductinfo.tsp?distId=10&gotoUrl=https%3A%2F%2Fwww.ti.com%2Flit%2Fgpn%2Fads1291","//mm.digikey.com/Volume0/opasdata/d220001/medias/images/414/32-PBS.jpg","296-30389-2-ND,296-30389-1-ND,296-30389-6-ND","ADS1292RIPBSR","Texas Instruments","Texas Instruments","IC AFE 2 CHAN 24BIT 32TQFP","1,966","11.61","0","1","Tape & Reel (TR),Cut Tape (CT),Digi-Reel®","-","Active","24","2","740 µW","2.7V ~ 5.25V","1.7V ~ 3.6V","Surface Mount","32-TQFP","32-TQFP (5x5)","-","-"
"https://www.ti.com/general/docs/suppproductinfo.tsp?distId=10&gotoUrl=https%3A%2F%2Fwww.ti.com%2Flit%2Fgpn%2Fads1292r","//mm.digikey.com/Volume0/opasdata/d220001/medias/images/769/296;-4223442;-RHB;-32.jpg","296-35020-2-ND,296-35020-1-ND,296-35020-6-ND","ADS1292RIRSMT","Texas Instruments","Texas Instruments","IC AFE 2 CHAN 24BIT 32VQFN","127","12.1","0","1","Tape & Reel (TR),Cut Tape (CT),Digi-Reel®","-","Active","24","2","740 µW","2.7V ~ 5.25V","1.7V ~ 3.6V","Surface Mount","32-VFQFN Exposed Pad","32-VQFN (4x4)","-","-"
"https://www.ti.com/general/docs/suppproductinfo.tsp?distId=10&gotoUrl=https%3A%2F%2Fwww.ti.com%2Flit%2Fgpn%2Fads131e04","//mm.digikey.com/Volume0/opasdata/d220001/medias/images/376/64-TQFP.jpg","296-34883-2-ND,296-34883-1-ND,296-34883-6-ND","ADS131E08IPAGR","Texas Instruments","Texas Instruments","IC AFE 8 CHAN 16/24BIT 64TQFP","2,122","13.96","0","1","Tape & Reel (TR),Cut Tape (CT),Digi-Reel®","-","Active","16, 24","8","17.6 mW","2.7V ~ 5.25V","1.8V ~ 3.6V","Surface Mount","64-TQFP","64-TQFP (10x10)","-","-"
"https://www.ti.com/general/docs/suppproductinfo.tsp?distId=10&gotoUrl=https%3A%2F%2Fwww.ti.com%2Flit%2Fgpn%2Flmp90097","//mm.digikey.com/Volume0/opasdata/d220001/medias/images/5791/296%7E4073225-6%7EPWP%7E28.jpg","LMP90100MHE/NOPBTR-ND,LMP90100MHE/NOPBCT-ND,LMP90100MHE/NOPBDKR-ND","LMP90100MHE/NOPB","Texas Instruments","Texas Instruments","IC AFE 1 CHAN 24BIT 28HTSSOP","1,062","14.17","0","1","Tape & Reel (TR),Cut Tape (CT),Digi-Reel®","-","Active","24","1","-","2.85V ~ 5.5V","2.7V ~ 5.5V","Surface Mount","28-PowerTSSOP (0.173"", 4.40mm Width)","28-HTSSOP","-","-"
"https://www.ti.com/general/docs/suppproductinfo.tsp?distId=10&gotoUrl=https%3A%2F%2Fwww.ti.com%2Flit%2Fgpn%2Fads1293","//mm.digikey.com/Volume0/opasdata/d220001/medias/images/4896/296_28-WQFN_primary.jpg","296-35511-2-ND,296-35511-1-ND,296-35511-6-ND","ADS1293CISQE/NOPB","Texas Instruments","Texas Instruments","IC AFE 3 CHAN 24BIT 28WQFN","2,563","16.02","0","1","Tape & Reel (TR),Cut Tape (CT),Digi-Reel®","-","Active","24","3","-","2.7V ~ 5.5V","1.65V ~ 3.6V","Surface Mount","28-WFQFN Exposed Pad","28-WQFN (5x5)","-","-"
"https://www.analog.com/media/en/technical-documentation/data-sheets/ADE9000.pdf","//mm.digikey.com/Volume0/opasdata/d220001/medias/images/4532/505%7ECP-40-7%7ECP%7E40.JPG","505-ADE9000ACPZ-RLTR-ND,505-ADE9000ACPZ-RLCT-ND,505-ADE9000ACPZ-RLDKR-ND","ADE9000ACPZ-RL","Analog Devices Inc.","Analog Devices Inc.","IC AFE 7 CHAN 40LFCSP-WQ","1,278","18.3","0","1","Tape & Reel (TR),Cut Tape (CT),Digi-Reel®","-","Active","-","7","-","3.3V","3.3V","Surface Mount","40-WFQFN Exposed Pad, CSP","40-LFCSP-WQ (6x6)","-","-"
"https://www.ti.com/general/docs/suppproductinfo.tsp?distId=10&gotoUrl=https%3A%2F%2Fwww.ti.com%2Flit%2Fgpn%2Fafe4490","//mm.digikey.com/Volume0/opasdata/d220001/medias/images/640/40VQFN.jpg","296-35685-2-ND,296-35685-1-ND,296-35685-6-ND","AFE4490RHAT","Texas Instruments","Texas Instruments","IC AFE 1 CHAN 22BIT 40VQFN","1,116","19.93","0","1","Tape & Reel (TR),Cut Tape (CT),Digi-Reel®","-","Active","22","1","-","2V ~ 3.6V","2V ~ 3.6V","Surface Mount","40-VFQFN Exposed Pad","40-VQFN (6x6)","-","-"
"https://www.analog.com/media/en/technical-documentation/data-sheets/AD7195.pdf","//mm.digikey.com/Volume0/opasdata/d220001/medias/images/22/505%3BCP-32-12%3BCP%3B32.jpg","505-AD7195BCPZ-RL7TR-ND,505-AD7195BCPZ-RL7CT-ND,505-AD7195BCPZ-RL7DKR-ND","AD7195BCPZ-RL7","Analog Devices Inc.","Analog Devices Inc.","IC AFE 1 CHAN 24BIT 32LFCSP-LQ","1,377","20.21","0","1","Tape & Reel (TR),Cut Tape (CT),Digi-Reel®","-","Active","24","1","-","5V","2.7V ~ 5.25V","Surface Mount","32-WFQFN Exposed Pad, CSP","32-LFCSP (5x5)","-","-"
"https://www.ti.com/general/docs/suppproductinfo.tsp?distId=10&gotoUrl=https%3A%2F%2Fwww.ti.com%2Flit%2Fgpn%2Fads1294","//mm.digikey.com/Volume0/opasdata/d220001/medias/images/2588/TI ZXG.jpg","296-28024-2-ND,296-28024-1-ND,296-28024-6-ND","ADS1294CZXGT","Texas Instruments","Texas Instruments","IC AFE 4 CHAN 24BIT 64NFBGA","195","25.19","0","1","Tape & Reel (TR),Cut Tape (CT),Digi-Reel®","-","Active","24","4","10.1 mW","2.7V ~ 5.5V","1.65V ~ 3.6V","Surface Mount","64-LFBGA","64-NFBGA (8x8)","-","-"
"https://www.analog.com/media/en/technical-documentation/data-sheets/AD7730_7730L.pdf","//mm.digikey.com/Volume0/opasdata/d220001/medias/images/4994/505~RU-24~RU~24.JPG","AD7730BRUZ-REEL7TR-ND,AD7730BRUZ-REEL7CT-ND,AD7730BRUZ-REEL7DKR-ND","AD7730BRUZ-REEL7","Analog Devices Inc.","Analog Devices Inc.","IC AFE 1 CHAN 24BIT 24TSSOP","2,416","32.59","0","1","Tape & Reel (TR),Cut Tape (CT),Digi-Reel®","-","Active","24","1","125 mW","5V","2.7V ~ 5.25V","Surface Mount","24-TSSOP (0.173"", 4.40mm Width)","24-TSSOP","-","-"
"https://www.analog.com/media/en/technical-documentation/data-sheets/AD7730_7730L.pdf","//mm.digikey.com/Volume0/opasdata/d220001/medias/images/4993/505~RW-24~R,-RW,-S~24.JPG","AD7730BRZ-REEL7TR-ND,AD7730BRZ-REEL7CT-ND,AD7730BRZ-REEL7DKR-ND","AD7730BRZ-REEL7","Analog Devices Inc.","Analog Devices Inc.","IC AFE 1 CHAN 24BIT 24SOIC","745","32.59","0","1","Tape & Reel (TR),Cut Tape (CT),Digi-Reel®","-","Active","24","1","125 mW","5V","2.7V ~ 5.25V","Surface Mount","24-SOIC (0.295"", 7.50mm Width)","24-SOIC","-","-"
"https://www.ti.com/general/docs/suppproductinfo.tsp?distId=10&gotoUrl=https%3A%2F%2Fwww.ti.com%2Flit%2Fgpn%2Fads1294","//mm.digikey.com/Volume0/opasdata/d220001/medias/images/376/64-TQFP.jpg","296-43579-2-ND,296-43579-1-ND,296-43579-6-ND","ADS1298IPAGR","Texas Instruments","Texas Instruments","IC AFE 8 CHAN 24BIT 64TQFP","2,548","34.36","0","1","Tape & Reel (TR),Cut Tape (CT),Digi-Reel®","-","Active","24","8","14.1 mW","2.7V ~ 5.5V","1.65V ~ 3.6V","Surface Mount","64-TQFP","64-TQFP (10x10)","-","-"
"https://www.ti.com/general/docs/suppproductinfo.tsp?distId=10&gotoUrl=https%3A%2F%2Fwww.ti.com%2Flit%2Fgpn%2Fafe5401-q1","//mm.digikey.com/Volume0/opasdata/d220001/medias/images/4848/296_64-QFN.jpg","296-37744-2-ND,296-37744-1-ND,296-37744-6-ND,2156-AFE5401TRGCTQ1-ND","AFE5401TRGCTQ1","Texas Instruments","Texas Instruments,Rochester Electronics, LLC","IC AFE 4 CHAN 12BIT 64VQFN","691","34.48","0","1","Tape & Reel (TR),Cut Tape (CT),Digi-Reel®,Bulk","-","Active","12","4","64 mW","1.8V, 3.3V","-","Surface Mount","64-VFQFN Exposed Pad","64-VQFN (9x9)","Automotive","AEC-Q100"
"https://www.ti.com/general/docs/suppproductinfo.tsp?distId=10&gotoUrl=https%3A%2F%2Fwww.ti.com%2Flit%2Fgpn%2Fads1299-4","//mm.digikey.com/Volume0/opasdata/d220001/medias/images/376/64-TQFP.jpg","296-45228-2-ND,296-45228-1-ND,296-45228-6-ND","ADS1299-4PAGR","Texas Instruments","Texas Instruments","IC AFE 4 CHAN 24BIT 64TQFP","238","37.52","0","1","Tape & Reel (TR),Cut Tape (CT),Digi-Reel®","-","Active","24","4","24 mW","4.75V ~ 5.25V","1.8V ~ 3.6V","Surface Mount","64-TQFP","64-TQFP (10x10)","-","-"
"https://www.ti.com/general/docs/suppproductinfo.tsp?distId=10&gotoUrl=https%3A%2F%2Fwww.ti.com%2Flit%2Fgpn%2Fads1298","//mm.digikey.com/Volume0/opasdata/d220001/medias/images/2588/TI ZXG.jpg","296-27516-2-ND,296-27516-1-ND,296-27516-6-ND","ADS1298CZXGT","Texas Instruments","Texas Instruments","IC AFE 8 CHAN 24BIT 64NFBGA","549","39.42","0","1","Tape & Reel (TR),Cut Tape (CT),Digi-Reel®","-","Active","24","8","14.1 mW","2.7V ~ 5.5V","1.65V ~ 3.6V","Surface Mount","64-LFBGA","64-NFBGA (8x8)","-","-"
"https://www.ti.com/general/docs/suppproductinfo.tsp?distId=10&gotoUrl=https%3A%2F%2Fwww.ti.com%2Flit%2Fgpn%2Fads1294r","//mm.digikey.com/Volume0/opasdata/d220001/medias/images/2588/TI ZXG.jpg","296-28273-2-ND,296-28273-1-ND,296-28273-6-ND","ADS1298RIZXGT","Texas Instruments","Texas Instruments","IC AFE 8 CHAN 24BIT 64NFBGA","537","40.4","0","1","Tape & Reel (TR),Cut Tape (CT),Digi-Reel®","-","Active","24","8","14.1 mW","2.7V ~ 5.5V","1.65V ~ 3.6V","Surface Mount","64-LFBGA","64-NFBGA (8x8)","-","-"
"https://www.ti.com/general/docs/suppproductinfo.tsp?distId=10&gotoUrl=https%3A%2F%2Fwww.ti.com%2Flit%2Fgpn%2Fads1299","//mm.digikey.com/Volume0/opasdata/d220001/medias/images/376/64-TQFP.jpg","296-34818-2-ND,296-34818-1-ND,296-34818-6-ND","ADS1299IPAGR","Texas Instruments","Texas Instruments","IC AFE 8 CHAN 24BIT 64TQFP","2,659","63.31","0","1","Tape & Reel (TR),Cut Tape (CT),Digi-Reel®","-","Active","24","8","42 mW","5V","1.8V ~ 3.6V","Surface Mount","64-TQFP","64-TQFP (10x10)","-","-"
"https://ww1.microchip.com/downloads/en/DeviceDoc/MCP3911-3.3V-Two-Channel-Analog-Front-End-DS20002286D.pdf","//mm.digikey.com/Volume0/opasdata/d220001/medias/images/4283/150%7EC04-072%7ESS%7E20.JPG","MCP3911A0T-E/SSTR-ND,MCP3911A0T-E/SSCT-ND,MCP3911A0T-E/SSDKR-ND","MCP3911A0T-E/SS","Microchip Technology","Microchip Technology","IC AFE 2 CHAN 24BIT 20SSOP","1,260","2.77","0","1","Tape & Reel (TR),Cut Tape (CT),Digi-Reel®","-","Active","24","2","8.9 mW","2.7V ~ 3.6V","2.7V ~ 3.6V","Surface Mount","20-SSOP (0.209"", 5.30mm Width)","20-SSOP","-","-"
"https://www.ti.com/general/docs/suppproductinfo.tsp?distId=10&gotoUrl=https%3A%2F%2Fwww.ti.com%2Flit%2Fgpn%2Fafe4410","//mm.digikey.com/Volume0/opasdata/d220001/medias/images/698/296%3B4222550%3BYZ%3B30.jpg","296-48285-2-ND,296-48285-1-ND,296-48285-6-ND","AFE4410YZR","Texas Instruments","Texas Instruments","IC AFE 3 CHAN 24BIT 30DSBGA","1,951","5.91","0","1","Tape & Reel (TR),Cut Tape (CT),Digi-Reel®","-","Active","24","3","-","-","-","Surface Mount","30-XFBGA, DSBGA","30-DSBGA","-","-"
"https://www.ti.com/general/docs/suppproductinfo.tsp?distId=10&gotoUrl=https%3A%2F%2Fwww.ti.com%2Flit%2Fgpn%2Fads131a02","//mm.digikey.com/Volume0/opasdata/d220001/medias/images/414/32-PBS.jpg","296-44792-2-ND,296-44792-1-ND,296-44792-6-ND","ADS131A02IPBSR","Texas Instruments","Texas Instruments","IC AFE 2 CHAN 24BIT 32TQFP","1,117","7.33","0","1","Tape & Reel (TR),Cut Tape (CT),Digi-Reel®","-","Active","24","2","2.6 mW","3V ~ 3.45V","1.65V ~ 3.6V","Surface Mount","32-TQFP","32-TQFP (5x5)","-","-"
"https://www.ti.com/general/docs/suppproductinfo.tsp?distId=10&gotoUrl=https%3A%2F%2Fwww.ti.com%2Flit%2Fgpn%2Fafe4403","//mm.digikey.com/Volume0/opasdata/d220001/medias/images/2420/296; 4204741-10; YZP; 36.jpg","296-46409-2-ND,296-46409-1-ND,296-46409-6-ND,2156-AFE4403YZPR-296-ND","AFE4403YZPR","Texas Instruments","Texas Instruments,Rochester Electronics, LLC","IC AFE 1 CHAN 22BIT 36DSBGA","4,919","7.56","0","1","Tape & Reel (TR),Cut Tape (CT),Digi-Reel®,Bulk","-","Active","22","1","-","2V ~ 3.6V","2V ~ 3.6V","Surface Mount","36-XFBGA, DSBGA","36-DSBGA","-","-"
"https://www.ti.com/general/docs/suppproductinfo.tsp?distId=10&gotoUrl=https%3A%2F%2Fwww.ti.com%2Flit%2Fgpn%2Fads1291","//mm.digikey.com/Volume0/opasdata/d220001/medias/images/769/296%3B-4223442%3B-RHB%3B-32.jpg","296-48888-2-ND,296-48888-1-ND,296-48888-6-ND","ADS1291IRSMR","Texas Instruments","Texas Instruments","IC AFE 1 CHAN 24BIT 32VQFN","2,494","8.32","0","1","Tape & Reel (TR),Cut Tape (CT),Digi-Reel®","-","Active","24","1","495 µW","2.7V ~ 5.25V","1.7V ~ 3.6V","Surface Mount","32-VFQFN Exposed Pad","32-VQFN (4x4)","-","-"
"https://www.ti.com/general/docs/suppproductinfo.tsp?distId=10&gotoUrl=https%3A%2F%2Fwww.ti.com%2Flit%2Fgpn%2Fads1292","//mm.digikey.com/Volume0/opasdata/d220001/medias/images/414/32-PBS.jpg","296-46284-2-ND,296-46284-1-ND,296-46284-6-ND","ADS1292IPBSR","Texas Instruments","Texas Instruments","IC AFE 2 CHAN 24BIT 32TQFP","264","10.55","0","1","Tape & Reel (TR),Cut Tape (CT),Digi-Reel®","-","Active","24","2","740 µW","2.7V ~ 5.25V","1.7V ~ 3.6V","Surface Mount","32-TQFP","32-TQFP (5x5)","-","-"
"https://www.ti.com/general/docs/suppproductinfo.tsp?distId=10&gotoUrl=http%253A%252F%252Fwww.ti.com%252Flit%252Fgpn%252Flmp92064","//mm.digikey.com/Volume0/opasdata/d220001/medias/images/4906/296%7ESDA16B%7ENHR%7E16.JPG","296-36895-2-ND,296-36895-1-ND,296-36895-6-ND","LMP92064SDE/NOPB","Texas Instruments","Texas Instruments","IC AFE 2 CHAN 12BIT 16WSON","238","10.64","0","1","Tape & Reel (TR),Cut Tape (CT),Digi-Reel®","-","Active","12","2","-","5V","5V","Surface Mount","16-WFDFN Exposed Pad","16-WSON (5x4)","-","-"
"-","//mm.digikey.com/Volume0/opasdata/d220001/medias/images/5726/175~21-100520~~49.jpg","175-MAX86178ENJ+TTR-ND,175-MAX86178ENJ+TCT-ND,175-MAX86178ENJ+TDKR-ND","MAX86178ENJ+T","Analog Devices Inc./Maxim Integrated","Analog Devices Inc./Maxim Integrated","ECG+PPG+BIOZ AFE","2,326","10.9","0","1","Tape & Reel (TR),Cut Tape (CT),Digi-Reel®","-","Active","20","1","-","-","-","Surface Mount","49-XFBGA, WLBGA","49-WLP (2.57x2.77)","-","-"
"https://www.ti.com/general/docs/suppproductinfo.tsp?distId=10&gotoUrl=https%3A%2F%2Fwww.ti.com%2Flit%2Fgpn%2Fads1292","//mm.digikey.com/Volume0/opasdata/d220001/medias/images/769/296%3B-4223442%3B-RHB%3B-32.jpg","296-35021-2-ND,296-35021-1-ND,296-35021-6-ND","ADS1292IRSMT","Texas Instruments","Texas Instruments","IC AFE 2 CHAN 24BIT 32VQFN","516","11.47","0","1","Tape & Reel (TR),Cut Tape (CT),Digi-Reel®","-","Active","24","2","740 µW","2.7V ~ 5.25V","1.7V ~ 3.6V","Surface Mount","32-VFQFN Exposed Pad","32-VQFN (4x4)","-","-"
"https://www.ti.com/general/docs/suppproductinfo.tsp?distId=10&gotoUrl=https%3A%2F%2Fwww.ti.com%2Flit%2Fgpn%2Fafe44i30","//mm.digikey.com/Volume0/opasdata/d220001/medias/images/698/296;4222550;YZ;30.jpg","296-AFE44I30YZTTR-ND,296-AFE44I30YZTCT-ND,296-AFE44I30YZTDKR-ND","AFE44I30YZT","Texas Instruments","Texas Instruments","AFE4430 WITH I2C SMALL REEL","586","12.04","0","1","Tape & Reel (TR),Cut Tape (CT),Digi-Reel®","-","Active","-","4","-","-","-","Surface Mount","30-XFBGA, DSBGA","30-DSBGA","-","-"
"https://www.ti.com/general/docs/suppproductinfo.tsp?distId=10&gotoUrl=https%3A%2F%2Fwww.ti.com%2Flit%2Fgpn%2Fads131e04","//mm.digikey.com/Volume0/opasdata/d220001/medias/images/376/64-TQFP.jpg","296-34884-2-ND,296-34884-1-ND,296-34884-6-ND","ADS131E06IPAGR","Texas Instruments","Texas Instruments","IC AFE 6 CHAN 16/24BIT 64TQFP","2,089","12.22","0","1","Tape & Reel (TR),Cut Tape (CT),Digi-Reel®","-","Active","16, 24","6","13.5 mW","2.7V ~ 5.25V","1.8V ~ 3.6V","Surface Mount","64-TQFP","64-TQFP (10x10)","-","-"
"https://www.ti.com/lit/ds/symlink/afe881h1.pdf","//mm.digikey.com/Volume0/opasdata/d220001/medias/images/5789/296%7E4225850%7ERRU%7E24.jpg","296-AFE881H1RRURTR-ND,296-AFE881H1RRURCT-ND,296-AFE881H1RRURDKR-ND","AFE881H1RRUR","Texas Instruments","Texas Instruments","16-BIT LOW-POWER ANALOG FRONT EN","1,526","12.28","0","1","Tape & Reel (TR),Cut Tape (CT),Digi-Reel®","-","Active","16","2","-","1.71V ~ 1.89V, 2.7V ~ 5.5V","1.71V ~ 1.89V, 2.7V ~ 5.5V","Surface Mount","24-WFQFN","24-UQFN (4x4)","-","-"
"https://www.ti.com/lit/ds/symlink/afe4460.pdf","//mm.digikey.com/Volume0/opasdata/d220001/medias/images/5784/MFG_AFE4460YBGT.jpg","296-AFE4460YBGTTR-ND,296-AFE4460YBGTCT-ND,296-AFE4460YBGTDKR-ND","AFE4460YBGT","Texas Instruments","Texas Instruments","HIGH-SNR, ULTRA-LOW-POWER, INTEG","253","13.18","0","1","Tape & Reel (TR),Cut Tape (CT),Digi-Reel®","-","Active","8","4","-","1.7V ~ 1.9V, 1.9V ~ 3.6V, 3V ~ 5.5V","1.7V ~ 1.9V, 1.9V ~ 3.6V, 3V ~ 5.5V","Surface Mount","36-XFBGA, DSBGA","36-DSBGA (2.63x2.46)","-","-"
"https://www.analog.com/media/en/technical-documentation/data-sheets/AD73311.pdf","//mm.digikey.com/Volume0/opasdata/d220001/medias/images/5063/505~RW-20~R,-RW,-S~20.jpg","505-AD73311ARZ-REELTR-ND,505-AD73311ARZ-REELCT-ND,505-AD73311ARZ-REELDKR-ND","AD73311ARZ-REEL","Analog Devices Inc.","Analog Devices Inc.","IC AFE 1 CHAN 16BIT 20SOIC","1,100","13.93","0","1","Tape & Reel (TR),Cut Tape (CT),Digi-Reel®","-","Active","16","1","50 mW","2.7V ~ 5.25V","2.7V ~ 5.25V","Surface Mount","20-SOIC (0.295"", 7.50mm Width)","20-SOIC","-","-"
"https://www.ti.com/general/docs/suppproductinfo.tsp?distId=10&gotoUrl=https%3A%2F%2Fwww.ti.com%2Flit%2Fgpn%2Fads131e08s","//mm.digikey.com/Volume0/opasdata/d220001/medias/images/376/64-TQFP.jpg","296-43770-2-ND,296-43770-1-ND,296-43770-6-ND","ADS131E08SPAGR","Texas Instruments","Texas Instruments","IC AFE 8 CHAN 24BIT 64TQFP","2,160","14.68","0","1","Tape & Reel (TR),Cut Tape (CT),Digi-Reel®","-","Active","24","8","17.6 mW","2.7V ~ 5.25V","1.8V ~ 3.6V","Surface Mount","64-TQFP","64-TQFP (10x10)","-","-"
"https://www.ti.com/general/docs/suppproductinfo.tsp?distId=10&gotoUrl=https%3A%2F%2Fwww.ti.com%2Flit%2Fgpn%2Fads1293","//mm.digikey.com/Volume0/opasdata/d220001/medias/images/4896/296_28-WQFN_primary.jpg","296-39852-2-ND,296-39852-1-ND,296-39852-6-ND","ADS1293CISQ/NOPB","Texas Instruments","Texas Instruments","IC AFE 3 CHAN 24BIT 28WQFN","2,218","16.02","0","1","Tape & Reel (TR),Cut Tape (CT),Digi-Reel®","-","Active","24","3","-","2.7V ~ 5.5V","1.65V ~ 3.6V","Surface Mount","28-WFQFN Exposed Pad","28-WQFN (5x5)","-","-"
"https://www.analog.com/media/en/technical-documentation/data-sheets/ADE9078.pdf","//mm.digikey.com/Volume0/opasdata/d220001/medias/images/4532/505%7ECP-40-7%7ECP%7E40.JPG","505-ADE9078ACPZ-RLTR-ND,505-ADE9078ACPZ-RLCT-ND,505-ADE9078ACPZ-RLDKR-ND","ADE9078ACPZ-RL","Analog Devices Inc.","Analog Devices Inc.","IC AFE 7 CHAN 24BIT 40LFCSP-WQ","3,181","16.78","0","1","Tape & Reel (TR),Cut Tape (CT),Digi-Reel®","-","Active","24","7","-","2.7V ~ 3.63V","2.7V ~ 3.63V","Surface Mount","40-WFQFN Exposed Pad, CSP","40-LFCSP-WQ (6x6)","-","-"
"https://www.ti.com/general/docs/suppproductinfo.tsp?distId=10&gotoUrl=https%3A%2F%2Fwww.ti.com%2Flit%2Fgpn%2Fafe4300","//mm.digikey.com/Volume0/opasdata/d220001/medias/images/766/296;4040135;PN;80.jpg","296-30554-2-ND,296-30554-1-ND,296-30554-6-ND","AFE4300PNR","Texas Instruments","Texas Instruments","IC AFE 2 CHAN 16BIT 80LQFP","7,363","21.17","0","1","Tape & Reel (TR),Cut Tape (CT),Digi-Reel®","-","Active","16","2","-","2V ~ 3.6V","-","Surface Mount","80-LQFP","80-LQFP (12x12)","-","-"
"https://ww1.microchip.com/downloads/en/DeviceDoc/22192d.pdf","//mm.digikey.com/Volume0/opasdata/d220001/medias/images/4283/150%7EC04-072%7ESS%7E20.JPG","MCP3901A0T-I/SSTR-ND,MCP3901A0T-I/SSCT-ND,MCP3901A0T-I/SSDKR-ND","MCP3901A0T-I/SS","Microchip Technology","Microchip Technology","IC AFE 2 CHAN 24BIT 20SSOP","7,488","1.74","0","1","Tape & Reel (TR),Cut Tape (CT),Digi-Reel®","-","Active","24","2","-","5V","2.7V ~ 5.5V","Surface Mount","20-SSOP (0.209"", 5.30mm Width)","20-SSOP","-","-"
"https://ww1.microchip.com/downloads/en/DeviceDoc/MCP3911-3.3V-Two-Channel-Analog-Front-End-DS20002286D.pdf","//mm.digikey.com/Volume0/opasdata/d220001/medias/images/5411/150%7EC04-126%7EML%7E20.JPG","MCP3911A0T-E/MLTR-ND,MCP3911A0T-E/MLCT-ND,MCP3911A0T-E/MLDKR-ND","MCP3911A0T-E/ML","Microchip Technology","Microchip Technology","IC AFE 2 CHAN 24BIT 20QFN","9,059","2.8","0","1","Tape & Reel (TR),Cut Tape (CT),Digi-Reel®","-","Active","24","2","8.9 mW","2.7V ~ 3.6V","2.7V ~ 3.6V","Surface Mount","20-VFQFN Exposed Pad","20-QFN (4x4)","-","-"
"https://www.ti.com/general/docs/suppproductinfo.tsp?distId=10&gotoUrl=https%3A%2F%2Fwww.ti.com%2Flit%2Fgpn%2Fafe4404","//mm.digikey.com/Volume0/opasdata/d220001/medias/images/510/296%3B4205058-5%3BYZF%3B15.jpg","296-44314-2-ND,296-44314-1-ND,296-44314-6-ND,2156-AFE4404YZPR-ND","AFE4404YZPR","Texas Instruments","Texas Instruments,Rochester Electronics, LLC","IC AFE 1 CHAN 24BIT 15DSBGA","5,748","3.88","0","1","Tape & Reel (TR),Cut Tape (CT),Digi-Reel®,Bulk","-","Active","24","1","-","2V ~ 3.6V","2V ~ 3.6V","Surface Mount","15-XFBGA, DSBGA","15-DSBGA","-","-"
"https://www.ti.com/general/docs/suppproductinfo.tsp?distId=10&gotoUrl=https%3A%2F%2Fwww.ti.com%2Flit%2Fgpn%2Fafe031","//mm.digikey.com/Volume0/opasdata/d220001/medias/images/416/48-VQFN-Exposed-Pad-RGZ.jpg","296-43582-2-ND,296-43582-1-ND,296-43582-6-ND","AFE031AIRGZR","Texas Instruments","Texas Instruments","IC AFE 1 CHAN 10BIT 48VQFN","2,515","4.19","0","1","Tape & Reel (TR),Cut Tape (CT),Digi-Reel®","-","Active","10","1","-","3V ~ 3.6V","3V ~ 3.6V","Surface Mount","48-VFQFN Exposed Pad","48-VQFN (7x7)","-","-"
"https://www.ti.com/general/docs/suppproductinfo.tsp?distId=10&gotoUrl=https%3A%2F%2Fwww.ti.com%2Flit%2Fgpn%2Flmp91051","//mm.digikey.com/Volume0/opasdata/d220001/medias/images/3936/296~4040064-3~PW~14.jpg","296-35543-2-ND,296-35543-1-ND,296-35543-6-ND","LMP91051MTX/NOPB","Texas Instruments","Texas Instruments","IC AFE 1 CHAN 14TSSOP","2,204","4.31","0","1","Tape & Reel (TR),Cut Tape (CT),Digi-Reel®","-","Active","-","1","-","2.7V ~ 5.5V","2.7V ~ 5.5V","Surface Mount","14-TSSOP (0.173"", 4.40mm Width)","14-TSSOP","-","-"
"https://www.ti.com/general/docs/suppproductinfo.tsp?distId=10&gotoUrl=https%3A%2F%2Fwww.ti.com%2Flit%2Fgpn%2Fafe031","//mm.digikey.com/Volume0/opasdata/d220001/medias/images/416/48-VQFN-Exposed-Pad-RGZ.jpg","296-29692-2-ND,296-29692-1-ND,296-29692-6-ND","AFE031AIRGZT","Texas Instruments","Texas Instruments","IC AFE 1 CHAN 10BIT 48VQFN","18,278","5.03","0","1","Tape & Reel (TR),Cut Tape (CT),Digi-Reel®","-","Active","10","1","-","3V ~ 3.6V","3V ~ 3.6V","Surface Mount","48-VFQFN Exposed Pad","48-VQFN (7x7)","-","-"
"https://www.ti.com/general/docs/suppproductinfo.tsp?distId=10&gotoUrl=https%3A%2F%2Fwww.ti.com%2Flit%2Fgpn%2Fafe030","//mm.digikey.com/Volume0/opasdata/d220001/medias/images/416/48-VQFN-Exposed-Pad-RGZ.jpg","296-30255-2-ND,296-30255-1-ND,296-30255-6-ND","AFE030AIRGZT","Texas Instruments","Texas Instruments","IC AFE 1 CHAN 10BIT 48VQFN","1,250","5.44","0","1","Tape & Reel (TR),Cut Tape (CT),Digi-Reel®","-","Active","10","1","-","3V ~ 3.6V","3V ~ 3.6V","Surface Mount","48-VFQFN Exposed Pad","48-VQFN (7x7)","-","-"
"https://ww1.microchip.com/downloads/en/DeviceDoc/25048B.pdf","//mm.digikey.com/Volume0/opasdata/d220001/medias/images/4183/150%7EC04-073%7ESS%7E28.JPG","MCP3903T-E/SSTR-ND,MCP3903T-E/SSCT-ND,MCP3903T-E/SSDKR-ND","MCP3903T-E/SS","Microchip Technology","Microchip Technology","IC AFE 6 CHAN 24BIT 28SSOP","2,100","5.81","0","1","Tape & Reel (TR),Cut Tape (CT),Digi-Reel®","-","Active","24","6","-","5V","2.7V ~ 3.6V","Surface Mount","28-SSOP (0.209"", 5.30mm Width)","28-SSOP","-","-"
"https://www.ti.com/general/docs/suppproductinfo.tsp?distId=10&gotoUrl=https%3A%2F%2Fwww.ti.com%2Flit%2Fgpn%2Fafe4400","//mm.digikey.com/Volume0/opasdata/d220001/medias/images/640/40VQFN.jpg","296-36191-2-ND,296-36191-1-ND,296-36191-6-ND,2156-AFE4400RHAT-ND","AFE4400RHAT","Texas Instruments","Texas Instruments,Rochester Electronics, LLC","IC AFE 1 CHAN 22BIT 40VQFN","788","8.41","0","1","Tape & Reel (TR),Cut Tape (CT),Digi-Reel®,Bulk","-","Active","22","1","2.84 mW","2V ~ 3.6V","2V ~ 3.6V","Surface Mount","40-VFQFN Exposed Pad","40-VQFN (6x6)","-","-"
"https://www.ti.com/general/docs/suppproductinfo.tsp?distId=10&gotoUrl=https%3A%2F%2Fwww.ti.com%2Flit%2Fgpn%2Fads1291","//mm.digikey.com/Volume0/opasdata/d220001/medias/images/769/296%3B-4223442%3B-RHB%3B-32.jpg","296-35022-2-ND,296-35022-1-ND,296-35022-6-ND","ADS1291IRSMT","Texas Instruments","Texas Instruments","IC AFE 1 CHAN 24BIT 32VQFN","675","10.24","0","1","Tape & Reel (TR),Cut Tape (CT),Digi-Reel®","-","Active","24","1","495 µW","2.7V ~ 5.25V","1.7V ~ 3.6V","Surface Mount","32-VFQFN Exposed Pad","32-VQFN (4x4)","-","-"
"https://www.ti.com/general/docs/suppproductinfo.tsp?distId=10&gotoUrl=https%3A%2F%2Fwww.ti.com%2Flit%2Fgpn%2Fads131e04","//mm.digikey.com/Volume0/opasdata/d220001/medias/images/376/64-TQFP.jpg","296-34885-2-ND,296-34885-1-ND,296-34885-6-ND","ADS131E04IPAGR","Texas Instruments","Texas Instruments","IC AFE 4 CHAN 16/24BIT 64TQFP","1,373","11.05","0","1","Tape & Reel (TR),Cut Tape (CT),Digi-Reel®","-","Active","16, 24","4","10.2 mW","2.7V ~ 5.25V","1.8V ~ 3.6V","Surface Mount","64-TQFP","64-TQFP (10x10)","-","-"
"https://www.ti.com/general/docs/suppproductinfo.tsp?distId=10&gotoUrl=https%3A%2F%2Fwww.ti.com%2Flit%2Fgpn%2Fafe4420","//mm.digikey.com/Volume0/opasdata/d220001/medias/images/698/296%3B4222550%3BYZ%3B30.jpg","296-50916-2-ND,296-50916-1-ND,296-50916-6-ND","AFE4420YZT","Texas Instruments","Texas Instruments","IC AFE 4 CHAN 24BIT 30DSBGA","483","11.45","0","1","Tape & Reel (TR),Cut Tape (CT),Digi-Reel®","-","Active","24","4","-","-","-","Surface Mount","30-XFBGA, DSBGA","30-DSBGA","-","-"
"https://www.ti.com/general/docs/suppproductinfo.tsp?distId=10&gotoUrl=https%3A%2F%2Fwww.ti.com%2Flit%2Fgpn%2Flmp90077","//mm.digikey.com/Volume0/opasdata/d220001/medias/images/2583/Pkg MTC28.jpg","LMP90079MHE/NOPBTR-ND,LMP90079MHE/NOPBCT-ND,LMP90079MHE/NOPBDKR-ND","LMP90079MHE/NOPB","Texas Instruments","Texas Instruments","IC AFE 1 CHAN 16BIT 28TSSOP","330","11.58","0","1","Tape & Reel (TR),Cut Tape (CT),Digi-Reel®","-","Active","16","1","-","2.85V ~ 5.5V","2.7V ~ 5.5V","Surface Mount","28-TSSOP (0.173"", 4.40mm Width)","28-TSSOP","-","-"
"https://www.ti.com/general/docs/suppproductinfo.tsp?distId=10&gotoUrl=https%3A%2F%2Fwww.ti.com%2Flit%2Fgpn%2Flmp90097","//mm.digikey.com/Volume0/opasdata/d220001/medias/images/2583/Pkg MTC28.jpg","LMP90097MHE/NOPBTR-ND,LMP90097MHE/NOPBCT-ND,LMP90097MHE/NOPBDKR-ND","LMP90097MHE/NOPB","Texas Instruments","Texas Instruments","IC AFE 1 CHAN 24BIT 28TSSOP","188","12.44","0","1","Tape & Reel (TR),Cut Tape (CT),Digi-Reel®","-","Active","24","1","-","2.85V ~ 5.5V","2.7V ~ 5.5V","Surface Mount","28-TSSOP (0.173"", 4.40mm Width)","28-TSSOP","-","-"
"https://www.analog.com/media/en/technical-documentation/data-sheets/AD4110-1.pdf","//mm.digikey.com/Volume0/opasdata/d220001/medias/images/4907/505~CP-40-15~CP~40.JPG","AD4110-1BCPZ-RL7TR-ND,AD4110-1BCPZ-RL7CT-ND,AD4110-1BCPZ-RL7DKR-ND","AD4110-1BCPZ-RL7","Analog Devices Inc.","Analog Devices Inc.","SINGLE CHN PLC SIGMA DELTA ADC+A","1,180","20.1","0","1","Tape & Reel (TR),Cut Tape (CT),Digi-Reel®","-","Active","24","1","-","4.5V ~ 5.5V, 24V ~ 40V","4.5V ~ 5.5V, 24V ~ 40V","Surface Mount","40-VFQFN Exposed Pad, CSP","40-LFCSP-VQ (6x6)","-","-"
"https://www.ti.com/general/docs/suppproductinfo.tsp?distId=10&gotoUrl=https%3A%2F%2Fwww.ti.com%2Flit%2Fgpn%2Fafe4900","//mm.digikey.com/Volume0/opasdata/d220001/medias/images/698/296%3B4222550%3BYZ%3B30.jpg","296-48891-2-ND,296-48891-1-ND,296-48891-6-ND","AFE4900YZT","Texas Instruments","Texas Instruments","IC AFE 3 CHAN 24BIT 30DSBGA","1,996","21.92","0","1","Tape & Reel (TR),Cut Tape (CT),Digi-Reel®","-","Active","24","3","-","-","-","Surface Mount","30-XFBGA, DSBGA","30-DSBGA","-","-"
"https://www.ti.com/general/docs/suppproductinfo.tsp?distId=10&gotoUrl=https%3A%2F%2Fwww.ti.com%2Flit%2Fgpn%2Fads1294r","//mm.digikey.com/Volume0/opasdata/d220001/medias/images/2588/TI ZXG.jpg","296-28271-2-ND,296-28271-1-ND,296-28271-6-ND,2156-ADS1294RIZXGT-ND","ADS1294RIZXGT","Texas Instruments","Texas Instruments,Rochester Electronics, LLC","IC AFE 4 CHAN 24BIT 64NFBGA","1,106","25.4","0","1","Tape & Reel (TR),Cut Tape (CT),Digi-Reel®,Bulk","-","Active","24","4","10.1 mW","2.7V ~ 5.5V","1.65V ~ 3.6V","Surface Mount","64-LFBGA","64-NFBGA (8x8)","-","-"
"https://www.ti.com/general/docs/suppproductinfo.tsp?distId=10&gotoUrl=https%3A%2F%2Fwww.ti.com%2Flit%2Fgpn%2Fafe4404","//mm.digikey.com/Volume0/opasdata/d220001/medias/images/510/296%3B4205058-5%3BYZF%3B15.jpg","296-42176-2-ND,296-42176-1-ND,296-42176-6-ND","AFE4404YZPT","Texas Instruments","Texas Instruments","IC AFE 1 CHAN 24BIT 15DSBGA","584","4.95","0","1","Tape & Reel (TR),Cut Tape (CT),Digi-Reel®","-","Active","24","1","-","2V ~ 3.6V","2V ~ 3.6V","Surface Mount","15-XFBGA, DSBGA","15-DSBGA","-","-"
"https://www.ti.com/general/docs/suppproductinfo.tsp?distId=10&gotoUrl=https%3A%2F%2Fwww.ti.com%2Flit%2Fgpn%2Fafe4410","//mm.digikey.com/Volume0/opasdata/d220001/medias/images/698/296%3B4222550%3BYZ%3B30.jpg","296-AFE4410YZTTR-ND,296-AFE4410YZTCT-ND,296-AFE4410YZTDKR-ND","AFE4410YZT","Texas Instruments","Texas Instruments","IC AFE 3 CHAN 24BIT 30DSBGA","145","6.41","0","1","Tape & Reel (TR),Cut Tape (CT),Digi-Reel®","-","Active","24","3","-","-","-","Surface Mount","30-XFBGA, DSBGA","30-DSBGA","-","-"
"https://www.ti.com/general/docs/suppproductinfo.tsp?distId=10&gotoUrl=https%3A%2F%2Fwww.ti.com%2Flit%2Fgpn%2Fafe4405","//mm.digikey.com/Volume0/opasdata/d220001/medias/images/698/296;4222550;YZ;30.jpg","296-47736-2-ND,296-47736-1-ND,296-47736-6-ND","AFE4405YZR","Texas Instruments","Texas Instruments","IC AFE 2 CHAN 24BIT 30DSBGA","2,547","6.48","0","1","Tape & Reel (TR),Cut Tape (CT),Digi-Reel®","-","Active","24","2","-","2V ~ 3.6V","-","Surface Mount","30-XFBGA, DSBGA","30-DSBGA","-","-"
"https://www.analog.com/media/en/technical-documentation/data-sheets/AD73311.pdf","//mm.digikey.com/Volume0/opasdata/d220001/medias/images/4900/505~RS-20~RS~20.JPG","AD73311LARSZ-REEL7TR-ND,AD73311LARSZ-REEL7CT-ND,AD73311LARSZ-REEL7DKR-ND","AD73311LARSZ-REEL7","Analog Devices Inc.","Analog Devices Inc.","IC AFE 1 CHAN 16BIT 20SSOP","135","8.32","0","1","Tape & Reel (TR),Cut Tape (CT),Digi-Reel®","-","Active","16","1","50 mW","2.7V ~ 5.25V","2.7V ~ 5.25V","Surface Mount","20-SSOP (0.209"", 5.30mm Width)","20-SSOP","-","-"
"https://www.analog.com/media/en/technical-documentation/data-sheets/ADA8282.pdf","//mm.digikey.com/Volume0/opasdata/d220001/medias/images/5026/505~CP-32-11~CP~32.JPG","505-ADA8282WBCPZ-R7TR-ND,505-ADA8282WBCPZ-R7CT-ND,505-ADA8282WBCPZ-R7DKR-ND","ADA8282WBCPZ-R7","Analog Devices Inc.","Analog Devices Inc.","IC AFE 4 CHAN 16BIT 32LFCSP","2,915","9.71","0","1","Tape & Reel (TR),Cut Tape (CT),Digi-Reel®","-","Active","16","4","219 mW","3V ~ 3.6V","1.8V ~ 3.6V","Surface Mount","32-WFQFN Exposed Pad, CSP","32-LFCSP (5x5)","Automotive","-"
"https://www.ti.com/general/docs/suppproductinfo.tsp?distId=10&gotoUrl=https%3A%2F%2Fwww.ti.com%2Flit%2Fgpn%2Fafe44s30","//mm.digikey.com/Volume0/opasdata/d220001/medias/images/698/296%3B4222550%3BYZ%3B30.jpg","296-AFE44S30YZRTR-ND,296-AFE44S30YZRCT-ND,296-AFE44S30YZRDKR-ND","AFE44S30YZR","Texas Instruments","Texas Instruments","AFE4430 WITH SPI","5,936","10.82","0","1","Tape & Reel (TR),Cut Tape (CT),Digi-Reel®","-","Active","-","-","-","-","-","Surface Mount","30-XFBGA, DSBGA","30-DSBGA","-","-"
"https://www.ti.com/general/docs/suppproductinfo.tsp?distId=10&gotoUrl=https%3A%2F%2Fwww.ti.com%2Flit%2Fgpn%2Fads1194","//mm.digikey.com/Volume0/opasdata/d220001/medias/images/2588/TI ZXG.jpg","296-28070-2-ND,296-28070-1-ND,296-28070-6-ND,2156-ADS1194CZXGT-ND","ADS1194CZXGT","Texas Instruments","Texas Instruments,Rochester Electronics, LLC","IC AFE 4 CHAN 16BIT 64NFBGA","455","13.67","0","1","Tape & Reel (TR),Cut Tape (CT),Digi-Reel®,Bulk","-","Active","16","4","5.7 mW","2.7V ~ 5.25V","1.65V ~ 3.6V","Surface Mount","64-LFBGA","64-NFBGA (8x8)","-","-"
"https://www.ti.com/general/docs/suppproductinfo.tsp?distId=10&gotoUrl=https%3A%2F%2Fwww.ti.com%2Flit%2Fgpn%2Fafe44s30","//mm.digikey.com/Volume0/opasdata/d220001/medias/images/698/296%3B4222550%3BYZ%3B30.jpg","296-AFE44S30YZTTR-ND,296-AFE44S30YZTCT-ND,296-AFE44S30YZTDKR-ND","AFE44S30YZT","Texas Instruments","Texas Instruments","AFE4430 WITH SPI","143","14.78","0","1","Tape & Reel (TR),Cut Tape (CT),Digi-Reel®","-","Active","-","-","-","-","-","Surface Mount","30-XFBGA, DSBGA","30-DSBGA","-","-"
"https://www.ti.com/lit/ds/symlink/afe49i30.pdf","//mm.digikey.com/Volume0/opasdata/d220001/medias/images/698/296;4222550;YZ;30.jpg","296-AFE49I30YZTTR-ND,296-AFE49I30YZTCT-ND,296-AFE49I30YZTDKR-ND","AFE49I30YZT","Texas Instruments","Texas Instruments","IC AFE 3 CHAN 24BIT","654","15.62","0","1","Tape & Reel (TR),Cut Tape (CT),Digi-Reel®","-","Active","24","4","-","-","-","Surface Mount","30-XFBGA, DSBGA","30-DSBGA","-","-"
"https://www.analog.com/media/en/technical-documentation/data-sheets/AD73360.pdf","//mm.digikey.com/Volume0/opasdata/d220001/medias/images/4904/505~RW-28~R,-RW,-S~28.JPG","505-AD73360LARZ-REELTR-ND,505-AD73360LARZ-REELCT-ND,505-AD73360LARZ-REELDKR-ND","AD73360LARZ-REEL","Analog Devices Inc.","Analog Devices Inc.","IC AFE 6 CHAN 16BIT 28SOIC","974","16.46","0","1","Tape & Reel (TR),Cut Tape (CT),Digi-Reel®","-","Active","16","6","80 mW","2.7V ~ 5.5V","2.7V ~ 5.5V","Surface Mount","28-SOIC (0.295"", 7.50mm Width)","28-SOIC","-","-"
"https://www.analog.com/media/en/technical-documentation/data-sheets/AD73360.pdf","//mm.digikey.com/Volume0/opasdata/d220001/medias/images/4904/505~RW-28~R,-RW,-S~28.JPG","505-AD73360ARZ-REEL7TR-ND,505-AD73360ARZ-REEL7CT-ND,505-AD73360ARZ-REEL7DKR-ND","AD73360ARZ-REEL7","Analog Devices Inc.","Analog Devices Inc.","IC AFE 6 CHAN 16BIT 28SOIC","304","20.93","0","1","Tape & Reel (TR),Cut Tape (CT),Digi-Reel®","-","Active","16","6","80 mW","2.7V ~ 5.5V","2.7V ~ 5.5V","Surface Mount","28-SOIC (0.295"", 7.50mm Width)","28-SOIC","-","-"
"https://www.analog.com/media/en/technical-documentation/data-sheets/AD7730_7730L.pdf","//mm.digikey.com/Volume0/opasdata/d220001/medias/images/4993/505~RW-24~R,-RW,-S~24.JPG","505-AD7730BRZ-REELTR-ND,505-AD7730BRZ-REELCT-ND,505-AD7730BRZ-REELDKR-ND","AD7730BRZ-REEL","Analog Devices Inc.","Analog Devices Inc.","IC AFE 1 CHAN 24BIT 24SOIC","1,000","32.59","0","1","Tape & Reel (TR),Cut Tape (CT),Digi-Reel®","-","Active","24","1","125 mW","5V","2.7V ~ 5.25V","Surface Mount","24-SOIC (0.295"", 7.50mm Width)","24-SOIC","-","-"
"https://www.ti.com/general/docs/suppproductinfo.tsp?distId=10&gotoUrl=https%3A%2F%2Fwww.ti.com%2Flit%2Fgpn%2Fafe5801","//mm.digikey.com/Volume0/opasdata/d220001/medias/images/4848/296_64-QFN.jpg","296-24307-2-ND,296-24307-1-ND,296-24307-6-ND,2156-AFE5801IRGCT-ND","AFE5801IRGCT","Texas Instruments","Texas Instruments,Rochester Electronics, LLC","IC AFE 8 CHAN 12BIT 64VQFN","247","65.8","0","1","Tape & Reel (TR),Cut Tape (CT),Digi-Reel®,Bulk","-","Active","12","8","636 mW","1.8V, 3.3V","-","Surface Mount","64-VFQFN Exposed Pad","64-VQFN (9x9)","-","-"
"https://www.ti.com/general/docs/suppproductinfo.tsp?distId=10&gotoUrl=https%3A%2F%2Fwww.ti.com%2Flit%2Fgpn%2Fafe5851","//mm.digikey.com/Volume0/opasdata/d220001/medias/images/4848/296_64-QFN.jpg","296-24233-2-ND,296-24233-1-ND,296-24233-6-ND","AFE5851IRGCT","Texas Instruments","Texas Instruments","IC AFE 16 CHAN 12BIT 64VQFN","240","112.24","0","1","Tape & Reel (TR),Cut Tape (CT),Digi-Reel®","-","Active","12","16","633 mW","1.7V ~ 1.9V, 3V ~ 3.6V","1.7V ~ 1.9V","Surface Mount","64-VFQFN Exposed Pad","64-VQFN (9x9)","-","-"
"https://www.ti.com/general/docs/suppproductinfo.tsp?distId=10&gotoUrl=https%3A%2F%2Fwww.ti.com%2Flit%2Fgpn%2Flm15851","//mm.digikey.com/Volume0/opasdata/d220001/medias/images/414/68-QFN.jpg","3301-LM15851NKETTR-ND,296-38467-2-ND,3301-LM15851NKETCT-ND,296-38467-1-ND,3301-LM15851NKETDKR-ND,296-38467-6-ND,2156-LM15851NKET-ND","LM15851NKET","Texas Instruments","Texas Instruments,Rochester Electronics, LLC","IC AFE 1 CHAN 12BIT 68VQFN","98","863.96","0","1","Tape & Reel (TR),Tape & Reel (TR),Cut Tape (CT),Cut Tape (CT),Digi-Reel®,Digi-Reel®,Bulk","-","Active","12","1","50 mW","1.14V ~ 1.26V, 1.8V ~ 2V","1.14V ~ 1.26V","Surface Mount","68-VFQFN Exposed Pad","68-VQFN (10x10)","-","-"
"https://www.ti.com/lit/ds/symlink/afe432a3w.pdf?ts=1702924974493&ref_url=https%253A%252F%252Fwww.ti.com%252Fsitesearch%252Fen-us%252Fdocs%252Funiversalsearch.tsp%253FlangPref%253Den-US%2526searchTerm%253DAFE432A3YBHR%2526nr%253D3","//mm.digikey.com/Volume0/opasdata/d220001/medias/images/5784/MFG_AFE432A3YBHR.jpg","296-AFE432A3YBHRTR-ND,296-AFE432A3YBHRCT-ND,296-AFE432A3YBHRDKR-ND","AFE432A3YBHR","Texas Instruments","Texas Instruments","8-BIT 300-MA CURRENT-SOURCE DAC","3,000","2.56","0","1","Tape & Reel (TR),Cut Tape (CT),Digi-Reel®","AFEx32A3W","Active","8","2","-","3V ~ 5.5V","3V ~ 5.5V","Surface Mount","16-XFBGA, DSBGA","16-DSBGA (1.62x1.62)","-","-"
"https://www.ti.com/lit/ds/symlink/afe432a3w.pdf?ts=1702924974493&ref_url=https%253A%252F%252Fwww.ti.com%252Fsitesearch%252Fen-us%252Fdocs%252Funiversalsearch.tsp%253FlangPref%253Den-US%2526searchTerm%253DAFE432A3YBHR%2526nr%253D3","//mm.digikey.com/Volume0/opasdata/d220001/medias/images/5784/MFG_AFE532A3YBHR.jpg","296-AFE532A3YBHRTR-ND,296-AFE532A3YBHRCT-ND,296-AFE532A3YBHRDKR-ND","AFE532A3YBHR","Texas Instruments","Texas Instruments","10-BIT 300-MA CURRENT-SOURCE DAC","3,000","2.83","0","1","Tape & Reel (TR),Cut Tape (CT),Digi-Reel®","AFEx32A3W","Active","10","2","-","3V ~ 5.5V","3V ~ 5.5V","Surface Mount","16-XFBGA, DSBGA","16-DSBGA (1.62x1.62)","-","-"
"https://look.ams-osram.com/m/264ac284b30311c3/original/AS7058-IC-for-PPG-ECG-and-body-impedance-measurement.pdf","//mm.digikey.com/Volume0/opasdata/d220001/medias/images/5741/MFG_AS7058.jpg","4991-AS7058-BWLMTR-ND,4991-AS7058-BWLMCT-ND,4991-AS7058-BWLMDKR-ND","AS7058-BWLM","ams-OSRAM USA INC.","ams-OSRAM USA INC.","HIGH PERFORMANCE ANALOG FRONT EN","500","3.14","0","1","Tape & Reel (TR),Cut Tape (CT),Digi-Reel®","-","Active","20","3","-","1.7V ~ 1.98V","1.7V ~ 1.98V","Surface Mount","42-UFBGA, WLCSP","42-WLCSP (2.77x2.5)","-","-"
"https://look.ams-osram.com/m/264ac284b30311c3/original/AS7058-IC-for-PPG-ECG-and-body-impedance-measurement.pdf","//mm.digikey.com/Volume0/opasdata/d220001/medias/images/5741/MFG_AS7058.jpg","4991-AS7058A-BWLMTR-ND,4991-AS7058A-BWLMCT-ND,4991-AS7058A-BWLMDKR-ND","AS7058A-BWLM","ams-OSRAM USA INC.","ams-OSRAM USA INC.","HIGH PERFORMANCE ANALOG FRONT EN","500","3.65","0","1","Tape & Reel (TR),Cut Tape (CT),Digi-Reel®","-","Active","20","3","-","1.7V ~ 1.98V","1.7V ~ 1.98V","Surface Mount","42-UFBGA, WLCSP","42-WLCSP (2.77x2.5)","-","-"
"-","-","497-TSC1641IQTTR-ND,497-TSC1641IQTCT-ND,497-TSC1641IQTDKR-ND","TSC1641IQT","STMicroelectronics","STMicroelectronics","Linear IC's","1,938","3.99","0","1","Tape & Reel (TR),Cut Tape (CT),Digi-Reel®","-","Active","16","2","-","2.7V ~ 3.6V","2.7V ~ 3.6V","Surface Mount","10-DFN Exposed Pad","10-DFN (3x3)","-","-"
"https://www.ti.com/general/docs/suppproductinfo.tsp?distId=10&gotoUrl=https%3A%2F%2Fwww.ti.com%2Flit%2Fgpn%2Fopt3101","//mm.digikey.com/Volume0/opasdata/d220001/medias/images/4127/296~4220383~RHF~28.JPG","296-OPT3101RHFRTR-ND,296-OPT3101RHFRCT-ND,296-OPT3101RHFRDKR-ND","OPT3101RHFR","Texas Instruments","Texas Instruments","IC AFE 3 CHAN 16BIT 28VQFN","2,704","8.55","0","1","Tape & Reel (TR),Cut Tape (CT),Digi-Reel®","-","Active","16","3","-","1.7V ~ 1.9V, 3V ~ 3.6V","1.7V ~ 1.9V","Surface Mount","28-VFQFN Exposed Pad","28-VQFN (5x4)","-","-"
"-","//mm.digikey.com/Volume0/opasdata/d220001/medias/images/1823/175%3B30WLP-.69%3B%3B30.jpg","175-MAX30002CWV+TTR-ND,175-MAX30002CWV+TCT-ND,175-MAX30002CWV+TDKR-ND","MAX30002CWV+T","Analog Devices Inc./Maxim Integrated","Analog Devices Inc./Maxim Integrated","IC AFE 1 CHAN 20BIT 30WLP","1,969","10.94","0","1","Tape & Reel (TR),Cut Tape (CT),Digi-Reel®","-","Active","20","1","158 µW","1.1V ~ 2V","1.1V ~ 2V","Surface Mount","30-WFBGA, WLBGA","30-WLP (2.74x2.93)","-","-"
"https://www.analog.com/media/en/technical-documentation/data-sheets/AD5940-5941.pdf","//mm.digikey.com/Volume0/opasdata/d220001/medias/images/306/505;-CB-56-3;-CB;-56.jpg","505-AD5940BCBZ-RL7TR-ND,505-AD5940BCBZ-RL7CT-ND,505-AD5940BCBZ-RL7DKR-ND","AD5940BCBZ-RL7","Analog Devices Inc.","Analog Devices Inc.","IC AFE 1 CHAN 16BIT 56WLCSP","1,584","11.35","0","1","Tape & Reel (TR),Cut Tape (CT),Digi-Reel®","-","Active","16","1","-","2.8V ~ 3.6V","2.8V ~ 3.6V","Surface Mount","56-UFBGA, WLCSP","56-WLCSP (3.56x4.16)","-","-"
"https://www.ti.com/lit/ds/symlink/afe882h1.pdf?ts=1705614418876&ref_url=https%253A%252F%252Fwww.ti.com%252Fsitesearch%252Fen-us%252Fdocs%252Funiversalsearch.tsp%253FlangPref%253Den-US%2526searchTerm%253DAFE882H1RRUR%2526nr%253D2","//mm.digikey.com/Volume0/opasdata/d220001/medias/images/5789/296%7E4225850%7ERRU%7E24.jpg","296-AFE882H1RRURTR-ND,296-AFE882H1RRURCT-ND,296-AFE882H1RRURDKR-ND","AFE882H1RRUR","Texas Instruments","Texas Instruments","LOW-POWER AFE WITH HART , 16-BIT","3,000","12.28","0","1","Tape & Reel (TR),Cut Tape (CT),Digi-Reel®","-","Active","16","2","-","1.71V ~ 1.89V, 2.7V ~ 5.5V","1.71V ~ 1.89V, 2.7V ~ 5.5V","Surface Mount","24-WFQFN","24-UQFN (4x4)","-","-"
"https://www.analog.com/media/en/technical-documentation/data-sheets/AD73360.pdf","//mm.digikey.com/Volume0/opasdata/d220001/medias/images/4904/505%7ERW-28%7ER%2C-RW%2C-S%7E28.JPG","505-AD73360ARZ-REELTR-ND,505-AD73360ARZ-REELCT-ND,505-AD73360ARZ-REELDKR-ND","AD73360ARZ-REEL","Analog Devices Inc.","Analog Devices Inc.","IC AFE 6 CHAN 16BIT 28SOIC","1,000","20.93","0","1","Tape & Reel (TR),Cut Tape (CT),Digi-Reel®","-","Active","16","6","80 mW","2.7V ~ 5.5V","2.7V ~ 5.5V","Surface Mount","28-SOIC (0.295"", 7.50mm Width)","28-SOIC","-","-"
"https://www.analog.com/media/en/technical-documentation/data-sheets/ADAS1000-3_1000-4.pdf","//mm.digikey.com/Volume0/opasdata/d220001/medias/images/4830/505~ST-64-2~ST~64.JPG","505-ADAS1000-4BSTZ-RLTR-ND,505-ADAS1000-4BSTZ-RLCT-ND,505-ADAS1000-4BSTZ-RLDKR-ND","ADAS1000-4BSTZ-RL","Analog Devices Inc.","Analog Devices Inc.","IC AFE 4 CHAN 19BIT 64LQFP","1,500","27.52","0","1","Tape & Reel (TR),Cut Tape (CT),Digi-Reel®","-","Active","19","4","-","3.15V ~ 5.5V","1.71V ~ 1.89V","Surface Mount","64-LQFP","64-LQFP (10x10)","-","-"
"https://www.analog.com/media/en/technical-documentation/data-sheets/ADAS1000_1000-1_1000-2.pdf","//mm.digikey.com/Volume0/opasdata/d220001/medias/images/22/505;CP-56-7;CP;56.jpg","505-ADAS1000BCPZ-RLTR-ND,505-ADAS1000BCPZ-RLCT-ND,505-ADAS1000BCPZ-RLDKR-ND","ADAS1000BCPZ-RL","Analog Devices Inc.","Analog Devices Inc.","IC AFE 5 CHAN 19BIT 56LFCSP","2,500","40.86","0","1","Tape & Reel (TR),Cut Tape (CT),Digi-Reel®","-","Active","19","5","-","3.15V ~ 5.5V","1.71V ~ 1.89V","Surface Mount","56-VFQFN Exposed Pad, CSP","56-LFCSP-VQ (9x9)","-","-"
"https://www.analog.com/media/en/technical-documentation/data-sheets/ADAS1000_1000-1_1000-2.pdf","//mm.digikey.com/Volume0/opasdata/d220001/medias/images/4830/505~ST-64-2~ST~64.JPG","505-ADAS1000BSTZ-RLTR-ND,505-ADAS1000BSTZ-RLCT-ND,505-ADAS1000BSTZ-RLDKR-ND","ADAS1000BSTZ-RL","Analog Devices Inc.","Analog Devices Inc.","IC AFE 5 CHAN 19BIT 64LQFP","1,435","40.86","0","1","Tape & Reel (TR),Cut Tape (CT),Digi-Reel®","-","Active","19","5","-","3.15V ~ 5.5V","1.71V ~ 1.89V","Surface Mount","64-LQFP","64-LQFP (10x10)","-","-"
"https://www.ti.com/general/docs/suppproductinfo.tsp?distId=10&gotoUrl=https%3A%2F%2Fwww.ti.com%2Flit%2Fgpn%2Fafe7225","//mm.digikey.com/Volume0/opasdata/d220001/medias/images/4848/296_64-QFN.jpg","296-30102-2-ND,296-30102-1-ND,296-30102-6-ND","AFE7225IRGCT","Texas Instruments","Texas Instruments","IC AFE 4 CHAN 12BIT 64VQFN","250","50.92","0","1","Tape & Reel (TR),Cut Tape (CT),Digi-Reel®","-","Active","12","4","650 mW","2.85V ~ 3.6V","1.7V ~ 1.9V","Surface Mount","64-VFQFN Exposed Pad","64-VQFN (9x9)","-","-"
"https://ww1.microchip.com/downloads/en/DeviceDoc/DS60001524A.pdf","//mm.digikey.com/Volume0/opasdata/d220001/medias/images/5397/150~20SOIC-7,5~S~20.JPG","ATSENSE101A-SURTR-ND,1611-ATSENSE101A-SURCT-ND,ATSENSE101A-SURCT-ND,ATSENSE101A-SURDKR-ND","ATSENSE101A-SUR","Microchip Technology","Microchip Technology","IC AFE 3 CHAN 24BIT 20SOIC","0","1.39","0","1","Tape & Reel (TR),Cut Tape (CT),Cut Tape (CT),Digi-Reel®","-","Active","24","3","2.5 mW","2.7V ~ 2.9V","3V ~ 3.6V","Surface Mount","20-SOIC (0.295"", 7.50mm Width)","20-SOIC","-","-"
"https://ww1.microchip.com/downloads/en/DeviceDoc/DS60001524A.pdf","//mm.digikey.com/Volume0/opasdata/d220001/medias/images/323/150;-32TQFP-1.2-7x7;-;-32.jpg","ATSENSE201A-AURTR-ND,1611-ATSENSE201A-AURCT-ND,ATSENSE201A-AURCT-ND,ATSENSE201A-AURDKR-ND","ATSENSE201A-AUR","Microchip Technology","Microchip Technology","IC AFE 4 CHAN 24BIT 32TQFP","0","1.76","0","1","Tape & Reel (TR),Cut Tape (CT),Cut Tape (CT),Digi-Reel®","-","Active","24","4","2.5 mW","2.7V ~ 2.9V","3V ~ 3.6V","Surface Mount","32-TQFP","32-TQFP (7x7)","-","-"
"https://ww1.microchip.com/downloads/en/DeviceDoc/DS60001524A.pdf","//mm.digikey.com/Volume0/opasdata/d220001/medias/images/323/150;-32TQFP-1.2-7x7;-;-32.jpg","ATSENSE201HA-AURTR-ND,1611-ATSENSE201HA-AURCT-ND,ATSENSE201HA-AURCT-ND,ATSENSE201HA-AURDKR-ND","ATSENSE201HA-AUR","Microchip Technology","Microchip Technology","IC AFE 4 CHAN 24BIT 32TQFP","0","1.88","0","1","Tape & Reel (TR),Cut Tape (CT),Cut Tape (CT),Digi-Reel®","-","Active","24","4","2.5 mW","2.7V ~ 2.9V","3V ~ 3.6V","Surface Mount","32-TQFP","32-TQFP (7x7)","-","-"
"https://ww1.microchip.com/downloads/en/DeviceDoc/DS60001524A.pdf","//mm.digikey.com/Volume0/opasdata/d220001/medias/images/323/150;-32TQFP-1.2-7x7;-;-32.jpg","ATSENSE301A-AURTR-ND,1611-ATSENSE301A-AURCT-ND,ATSENSE301A-AURCT-ND,ATSENSE301A-AURDKR-ND","ATSENSE301A-AUR","Microchip Technology","Microchip Technology","IC AFE 7 CHAN 24BIT 32TQFP","0","2.06","0","1","Tape & Reel (TR),Cut Tape (CT),Cut Tape (CT),Digi-Reel®","-","Active","24","7","2.5 mW","2.7V ~ 2.9V","3V ~ 3.6V","Surface Mount","32-TQFP","32-TQFP (7x7)","-","-"
"https://www.ti.com/general/docs/suppproductinfo.tsp?distId=10&gotoUrl=https%3A%2F%2Fwww.ti.com%2Flit%2Fgpn%2Flmp91050","//mm.digikey.com/Volume0/opasdata/d220001/medias/images/4190/296%7E4073272%7EDGS%7E10.JPG","296-36934-2-ND,296-36934-1-ND,296-36934-6-ND","LMP91050MME/NOPB","Texas Instruments","Texas Instruments","IC AFE 1 CHAN 10VSSOP","213","3.97","0","1","Tape & Reel (TR),Cut Tape (CT),Digi-Reel®","-","Obsolete","-","1","-","2.7V ~ 5.5V","2.7V ~ 5.5V","Surface Mount","10-TFSOP, 10-MSOP (0.118"", 3.00mm Width)","10-VSSOP","-","-"
"https://www.analog.com/media/en/technical-documentation/data-sheets/AD73311.pdf","//mm.digikey.com/Volume0/opasdata/d220001/medias/images/4900/505~RS-20~RS~20.JPG","505-AD73311LARUZ-RL7TR-ND,505-AD73311LARUZ-RL7CT-ND","AD73311LARUZ-RL7","Analog Devices Inc.","Analog Devices Inc.","IC AFE 1 CHAN 16BIT 20SSOP","0","4.71771","0","1000","Tape & Reel (TR),Cut Tape (CT)","-","Active","16","1","50 mW","2.7V ~ 5.25V","2.7V ~ 5.25V","Surface Mount","20-SSOP (0.209"", 5.30mm Width)","20-SSOP","-","-"
"https://www.ti.com/general/docs/suppproductinfo.tsp?distId=10&gotoUrl=https%3A%2F%2Fwww.ti.com%2Flit%2Fgpn%2Flmp91000","//mm.digikey.com/Volume0/opasdata/d220001/medias/images/2585/Pkg%20SDA14B.jpg","LMP91000SDE/NOPBTR-ND,LMP91000SDE/NOPBCT-ND,LMP91000SDE/NOPBDKR-ND","LMP91000SDE/NOPB","Texas Instruments","Texas Instruments","IC AFE 1 CHAN 8BIT 14WSON","21,941","4.77","0","1","Tape & Reel (TR),Cut Tape (CT),Digi-Reel®","-","Obsolete","-","1","-","2.7V ~ 5.25V","2.7V ~ 5.25V","Surface Mount","14-WFDFN Exposed Pad","14-WSON (4x4)","-","-"
"https://www.ti.com/general/docs/suppproductinfo.tsp?distId=10&gotoUrl=https%3A%2F%2Fwww.ti.com%2Flit%2Fgpn%2Flmp91000","//mm.digikey.com/Volume0/opasdata/d220001/medias/images/2585/Pkg%20SDA14B.jpg","296-44382-2-ND,296-44382-1-ND,296-44382-6-ND","LMP91000SD/NOPB","Texas Instruments","Texas Instruments","IC AFE 1 CHAN 8BIT 14WSON","12,715","4.77","0","1","Tape & Reel (TR),Cut Tape (CT),Digi-Reel®","-","Obsolete","8","1","-","2.7V ~ 5.25V","2.7V ~ 5.25V","Surface Mount","14-WFDFN Exposed Pad","14-WSON (4x4)","-","-"
"https://www.ti.com/general/docs/suppproductinfo.tsp?distId=10&gotoUrl=https%3A%2F%2Fwww.ti.com%2Flit%2Fgpn%2Flmp91002","//mm.digikey.com/Volume0/opasdata/d220001/medias/images/2585/Pkg%20SDA14B.jpg","LMP91002SD/NOPBTR-ND,LMP91002SD/NOPBCT-ND,LMP91002SD/NOPBDKR-ND","LMP91002SD/NOPB","Texas Instruments","Texas Instruments","IC AFE 1 CHAN 8BIT 14WSON","2,487","4.91","0","1","Tape & Reel (TR),Cut Tape (CT),Digi-Reel®","-","Obsolete","8","1","-","2.7V ~ 3.6V","2.7V ~ 3.6V","Surface Mount","14-WFDFN Exposed Pad","14-WSON (4x4)","-","-"
"https://www.ti.com/general/docs/suppproductinfo.tsp?distId=10&gotoUrl=https%3A%2F%2Fwww.ti.com%2Flit%2Fgpn%2Flmp91002","//mm.digikey.com/Volume0/opasdata/d220001/medias/images/2585/Pkg%20SDA14B.jpg","296-44286-2-ND,296-44286-1-ND,296-44286-6-ND","LMP91002SDE/NOPB","Texas Instruments","Texas Instruments","IC AFE 1 CHAN 8BIT 14WSON","400","4.91","0","1","Tape & Reel (TR),Cut Tape (CT),Digi-Reel®","-","Obsolete","8","1","-","2.7V ~ 3.6V","2.7V ~ 3.6V","Surface Mount","14-WFDFN Exposed Pad","14-WSON (4x4)","-","-"
"//mm.digikey.com/Volume0/opasdata/d220001/medias/docus/4831/AIS339.pdf","//mm.digikey.com/Volume0/opasdata/d220001/medias/images/4832/MFG_AIS339.jpg","4798-AIS339TR-ND,4798-AIS339CT-ND,4798-AIS339DKR-ND","AIS339","AIStorm, Inc","AIStorm, Inc","CHAMELEON ENABLES SIGNAL CAPTURE","4,000","5.35","0","1","Tape & Reel (TR),Cut Tape (CT),Digi-Reel®","-","Active","18","5","-","2.7V ~ 3.6V","2.7V ~ 3.6V","Surface Mount","48-QFN","48-TQFN (5x5)","-","-"
"https://www.ti.com/general/docs/suppproductinfo.tsp?distId=10&gotoUrl=https%3A%2F%2Fwww.ti.com%2Flit%2Fgpn%2Fads1192","//mm.digikey.com/Volume0/opasdata/d220001/medias/images/769/296%3B-4223442%3B-RHB%3B-32.jpg","296-35024-2-ND,296-35024-1-ND,296-35024-6-ND,2156-ADS1192IRSMT-ND","ADS1192IRSMT","Texas Instruments","Texas Instruments,Rochester Electronics, LLC","IC AFE 2 CHAN 16BIT 32VQFN","0","5.36","0","57","Tape & Reel (TR),Cut Tape (CT),Digi-Reel®,Bulk","-","Active","16","2","740 µW","2.7V ~ 5.25V","1.7V ~ 3.6V","Surface Mount","32-VFQFN Exposed Pad","32-VQFN (4x4)","-","-"
"https://www.ti.com/general/docs/suppproductinfo.tsp?distId=10&gotoUrl=https%3A%2F%2Fwww.ti.com%2Flit%2Fgpn%2Flmp93601","//mm.digikey.com/Volume0/opasdata/d220001/medias/images/2405/24-QFN%20Exposed%20Pad.jpg","296-40291-2-ND,296-40291-1-ND,296-40291-6-ND,2156-LMP93601NHZT-ND","LMP93601NHZT","Texas Instruments","Texas Instruments,Rochester Electronics, LLC","IC AFE 1 CHAN 16BIT 24WQFN","0","5.82","0","52","Tape & Reel (TR),Cut Tape (CT),Digi-Reel®,Bulk","-","Obsolete","16","1","-","2.7V ~ 5.5V","2.7V ~ 5.5V","Surface Mount","24-WFQFN Exposed Pad","24-WQFN (4x5)","-","-"
"https://www.analog.com/media/en/technical-documentation/data-sheets/ADPD103.pdf","//mm.digikey.com/Volume0/opasdata/d220001/medias/images/3579/505~CB-16-18~CB~16.JPG","ADPD103BCBZRL7TR-ND,ADPD103BCBZRL7CT-ND,ADPD103BCBZRL7DKR-ND","ADPD103BCBZRL7","Analog Devices Inc.","Analog Devices Inc.","IC AFE 4 CHAN 14BIT 16WLCSP","2,892","6.03","0","1","Tape & Reel (TR),Cut Tape (CT),Digi-Reel®","-","Active","14","4","-","1.7V ~ 1.9V","1.7V ~ 1.9V","Surface Mount","16-UFBGA, WLCSP","16-WLCSP (2.46x1.4)","-","-"
"https://www.analog.com/media/en/technical-documentation/data-sheets/ADPD105-106-107.pdf","//mm.digikey.com/Volume0/opasdata/d220001/medias/images/3579/505~CB-16-18~CB~16.JPG","ADPD105BCBZR7TR-ND,ADPD105BCBZR7CT-ND,ADPD105BCBZR7DKR-ND","ADPD105BCBZR7","Analog Devices Inc.","Analog Devices Inc.","IC AFE 4 CHAN 14BIT 16WLCSP","1,069","6.03","0","1","Tape & Reel (TR),Cut Tape (CT),Digi-Reel®","-","Active","14","4","-","1.7V ~ 1.9V","1.7V ~ 1.9V","Surface Mount","16-UFBGA, WLCSP","16-WLCSP (2.46x1.4)","-","-"
"https://ww1.microchip.com/downloads/en/DeviceDoc/21428e.pdf","//mm.digikey.com/Volume0/opasdata/d220001/medias/images/4843/150_24-SOIC_05-08-1620.jpg","TC510COG713TR-ND,TC510COG713CT-ND,TC510COG713DKR-ND","TC510COG713","Microchip Technology","Microchip Technology","IC AFE 1 CHAN 17BIT 24SOIC","2,000","6.49","0","1","Tape & Reel (TR),Cut Tape (CT),Digi-Reel®","-","Active","17","1","18 mW","5V","5V","Surface Mount","24-SOIC (0.295"", 7.50mm Width)","24-SOIC","-","-"
"https://www.ti.com/general/docs/suppproductinfo.tsp?distId=10&gotoUrl=https%3A%2F%2Fwww.ti.com%2Flit%2Fgpn%2Flmp90097","//mm.digikey.com/Volume0/opasdata/d220001/medias/images/5791/296%7E4073225-6%7EPWP%7E28.jpg","296-51349-2-ND,296-51349-1-ND,296-51349-6-ND","LMP90100MHX/NOPB","Texas Instruments","Texas Instruments","IC AFE 1 CHAN 24BIT 28HTSSOP","2,500","7.19572","0","2500","Tape & Reel (TR),Cut Tape (CT),Digi-Reel®","-","Active","24","1","-","2.85V ~ 5.5V","2.7V ~ 5.5V","Surface Mount","28-PowerTSSOP (0.173"", 4.40mm Width)","28-HTSSOP","-","-"
"https://www.ti.com/general/docs/suppproductinfo.tsp?distId=10&gotoUrl=http%253A%252F%252Fwww.ti.com%252Flit%252Fgpn%252Flmp92064","//mm.digikey.com/Volume0/opasdata/d220001/medias/images/4906/296%7ESDA16B%7ENHR%7E16.JPG","296-40290-2-ND,296-40290-1-ND,296-40290-6-ND,2156-LMP92064SD/NOPB-ND","LMP92064SD/NOPB","Texas Instruments","Texas Instruments,Rochester Electronics, LLC","IC AFE 2 CHAN 12BIT 16WSON","0","7.25","0","42","Tape & Reel (TR),Cut Tape (CT),Digi-Reel®,Bulk","-","Active","12","2","-","5V","5V","Surface Mount","16-WFDFN Exposed Pad","16-WSON (5x4)","-","-"
"https://www.ti.com/general/docs/suppproductinfo.tsp?distId=10&gotoUrl=https%3A%2F%2Fwww.ti.com%2Flit%2Fgpn%2Flm98714","//mm.digikey.com/Volume0/opasdata/d220001/medias/images/3623/Mfg_296%7E4040078%7EDGG%7E48.jpg","296-43729-2-ND,296-43729-1-ND,296-43729-6-ND,2156-LM98714BCMTX/NOPB-ND","LM98714BCMTX/NOPB","Texas Instruments","Texas Instruments,Rochester Electronics, LLC","IC AFE 3 CHAN 16BIT 48TSSOP","0","7.95","0","38","Tape & Reel (TR),Cut Tape (CT),Digi-Reel®,Bulk","-","Active","16","3","610 mW","3V ~ 3.6V","3V ~ 3.6V","Surface Mount","48-TFSOP (0.240"", 6.10mm Width)","48-TSSOP","-","-"
"https://www.ti.com/general/docs/suppproductinfo.tsp?distId=10&gotoUrl=http%253A%252F%252Fwww.ti.com%252Flit%252Fgpn%252Fvsp5621","//mm.digikey.com/Volume0/opasdata/d220001/medias/images/4538/MFG_MSP430F5508IRGZT.jpg","296-29358-2-ND,296-29358-1-ND,296-29358-6-ND,2156-VSP5621RSLR-ND","VSP5621RSLR","Texas Instruments","Texas Instruments,Rochester Electronics, LLC","IC AFE 4 CHAN 16BIT 48VQFN","0","7.97","0","38","Tape & Reel (TR),Cut Tape (CT),Digi-Reel®,Bulk","-","Active","16","4","406 mW","3V ~ 3.6V","3V ~ 3.6V","Surface Mount","48-VFQFN Exposed Pad","48-VQFN (6x6)","-","-"
"https://www.ti.com/general/docs/suppproductinfo.tsp?distId=10&gotoUrl=https%3A%2F%2Fwww.ti.com%2Flit%2Fgpn%2Fads1194","//mm.digikey.com/Volume0/opasdata/d220001/medias/images/2588/TI ZXG.jpg","296-28071-2-ND,296-28071-1-ND,296-28071-6-ND,2156-ADS1196CZXGT-ND","ADS1196CZXGT","Texas Instruments","Texas Instruments,Rochester Electronics, LLC","IC AFE 6 CHAN 16BIT 64NFBGA","0","9.47","0","32","Tape & Reel (TR),Cut Tape (CT),Digi-Reel®,Bulk","-","Active","16","6","6.9 mW","2.7V ~ 5.25V","1.65V ~ 3.6V","Surface Mount","64-LFBGA","64-NFBGA (8x8)","-","-"
"https://www.ti.com/general/docs/suppproductinfo.tsp?distId=10&gotoUrl=https%3A%2F%2Fwww.ti.com%2Flit%2Fgpn%2Fopt3101","//mm.digikey.com/Volume0/opasdata/d220001/medias/images/4127/296%7E4220383%7ERHF%7E28.JPG","296-50203-2-ND,296-50203-1-ND,296-50203-6-ND","OPT3101RHFT","Texas Instruments","Texas Instruments","IC AFE 3 CHAN 16BIT 28VQFN","925","10.27","0","1","Tape & Reel (TR),Cut Tape (CT),Digi-Reel®","-","Obsolete","16","3","-","1.7V ~ 3.6V","1.7V ~ 3.6V","Surface Mount","28-VFQFN Exposed Pad","28-VQFN (5x4)","-","-"
"https://statics.cirrus.com/pubs/proDatasheet/WM8231_v4.8.pdf","//mm.digikey.com/Volume0/opasdata/d220001/medias/images/4843/150_56-VFQFN.jpg","598-2510-2-ND,598-2510-1-ND,598-2510-6-ND","WM8231GEFL/RV","Cirrus Logic Inc.","Cirrus Logic Inc.","IC AFE 3 CHAN 16BIT 56QFN","1,375","11.18","0","1","Tape & Reel (TR),Cut Tape (CT),Digi-Reel®","-","Active","16","-","-","-","-","Surface Mount","56-VFQFN Exposed Pad","56-QFN (8x8)","-","-"
"https://d3uzseaevmutz1.cloudfront.net/pubs/proDatasheet/WM8233_v4.7.pdf","//mm.digikey.com/Volume0/opasdata/d220001/medias/images/4843/150_56-VFQFN.jpg","598-WM8233GEFL/RVTR-ND,598-WM8233GEFL/RVCT-ND,598-WM8233GEFL/RVDKR-ND","WM8233GEFL/RV","Cirrus Logic Inc.","Cirrus Logic Inc.","IC AFE 6 CHAN 16BIT 56QFN","730","12.34","0","1","Tape & Reel (TR),Cut Tape (CT),Digi-Reel®","-","Active","16","6","-","2.97V ~ 3.63V","2.97V ~ 3.63V","Surface Mount","56-VFQFN Exposed Pad","56-QFN (8x8)","-","-"
"https://www.ti.com/general/docs/suppproductinfo.tsp?distId=10&gotoUrl=https%3A%2F%2Fwww.ti.com%2Flit%2Fgpn%2Flmp90097","//mm.digikey.com/Volume0/opasdata/d220001/medias/images/2583/Pkg MTC28.jpg","LMP90099MHE/NOPBTR-ND,LMP90099MHE/NOPBCT-ND,LMP90099MHE/NOPBDKR-ND","LMP90099MHE/NOPB","Texas Instruments","Texas Instruments","IC AFE 1 CHAN 24BIT 28TSSOP","2,500","13.8","0","1","Tape & Reel (TR),Cut Tape (CT),Digi-Reel®","-","Active","24","1","-","2.85V ~ 5.5V","2.7V ~ 5.5V","Surface Mount","28-TSSOP (0.173"", 4.40mm Width)","28-TSSOP","-","-"
"https://www.ti.com/general/docs/suppproductinfo.tsp?distId=10&gotoUrl=https%3A%2F%2Fwww.ti.com%2Flit%2Fgpn%2Fads1198","//mm.digikey.com/Volume0/opasdata/d220001/medias/images/2588/TI ZXG.jpg","296-28079-2-ND,296-28079-1-ND,296-28079-6-ND,2156-ADS1198CZXGT-ND","ADS1198CZXGT","Texas Instruments","Texas Instruments,Rochester Electronics, LLC","IC AFE 8 CHAN 16BIT 64NFBGA","0","15.5","0","1","Tape & Reel (TR),Cut Tape (CT),Digi-Reel®,Bulk","-","Active","16","8","8.2 mW","2.7V ~ 5.25V","1.65V ~ 3.6V","Surface Mount","64-LFBGA","64-NFBGA (8x8)","-","-"
"https://www.analog.com/media/en/technical-documentation/data-sheets/ADAS1000_1000-1_1000-2.pdf","//mm.digikey.com/Volume0/opasdata/d220001/medias/images/4830/505~ST-64-2~ST~64.JPG","505-ADAS1000-2BSTZ-RLTR-ND,505-ADAS1000-2BSTZ-RLCT-ND","ADAS1000-2BSTZ-RL","Analog Devices Inc.","Analog Devices Inc.","IC AFE 5 CHAN 19BIT 64LQFP","0","17.62046","0","1","Tape & Reel (TR),Cut Tape (CT)","-","Active","19","5","-","3.15V ~ 5.5V","1.71V ~ 1.89V","Surface Mount","64-LQFP","64-LQFP (10x10)","-","-"
"https://www.ti.com/general/docs/suppproductinfo.tsp?distId=10&gotoUrl=https%3A%2F%2Fwww.ti.com%2Flit%2Fgpn%2Fads1294r","//mm.digikey.com/Volume0/opasdata/d220001/medias/images/2588/TI%20ZXG.jpg","296-37318-2-ND,296-37318-1-ND,296-37318-6-ND,2156-ADS1294RIZXGR-ND","ADS1294RIZXGR","Texas Instruments","Texas Instruments,Rochester Electronics, LLC","IC AFE 4 CHAN 24BIT 64NFBGA","0","18.58","0","17","Tape & Reel (TR),Cut Tape (CT),Digi-Reel®,Bulk","-","Active","24","4","10.1 mW","2.7V ~ 5.5V","1.65V ~ 3.6V","Surface Mount","64-LFBGA","64-NFBGA (8x8)","-","-"
"https://www.ti.com/general/docs/suppproductinfo.tsp?distId=10&gotoUrl=https%3A%2F%2Fwww.ti.com%2Flit%2Fgpn%2Fads1294","//mm.digikey.com/Volume0/opasdata/d220001/medias/images/2588/TI ZXG.jpg","296-28025-2-ND,296-28025-1-ND,296-28025-6-ND,2156-ADS1296CZXGT-ND","ADS1296CZXGT","Texas Instruments","Texas Instruments,Rochester Electronics, LLC","IC AFE 6 CHAN 24BIT 64NFBGA","0","25.28","0","12","Tape & Reel (TR),Cut Tape (CT),Digi-Reel®,Bulk","-","Active","24","6","17.5 mW","2.7V ~ 5.5V","1.65V ~ 3.6V","Surface Mount","64-LFBGA","64-NFBGA (8x8)","-","-"
"https://www.ti.com/general/docs/suppproductinfo.tsp?distId=10&gotoUrl=http%253A%252F%252Fwww.ti.com%252Flit%252Fgpn%252Fvsp5010","//mm.digikey.com/Volume0/opasdata/d220001/medias/images/4217/296~4040152~PM~64.jpg","296-24686-2-ND,296-24686-1-ND,296-24686-6-ND,2156-VSP5010PMR-ND","VSP5010PMR","Texas Instruments","Texas Instruments,Rochester Electronics, LLC","IC AFE 2 CHAN 12BIT 64LQFP","0","25.34","0","1","Tape & Reel (TR),Cut Tape (CT),Digi-Reel®,Bulk","-","Active","12","2","290 mW","3V ~ 3.6V","3V ~ 3.6V","Surface Mount","64-LQFP","64-LQFP (10x10)","-","-"
"https://www.ti.com/general/docs/suppproductinfo.tsp?distId=10&gotoUrl=https%3A%2F%2Fwww.ti.com%2Flit%2Fgpn%2Fads1294r","//mm.digikey.com/Volume0/opasdata/d220001/medias/images/2588/TI ZXG.jpg","296-28272-2-ND,296-28272-1-ND,296-28272-6-ND,2156-ADS1296RIZXGT-ND","ADS1296RIZXGT","Texas Instruments","Texas Instruments,Rochester Electronics, LLC","IC AFE 6 CHAN 24BIT 64NFBGA","0","25.77","0","12","Tape & Reel (TR),Cut Tape (CT),Digi-Reel®,Bulk","-","Active","24","6","17.5 mW","2.7V ~ 5.5V","1.65V ~ 3.6V","Surface Mount","64-LFBGA","64-NFBGA (8x8)","-","-"
"https://www.ti.com/general/docs/suppproductinfo.tsp?distId=10&gotoUrl=https%3A%2F%2Fwww.ti.com%2Flit%2Fgpn%2Fafe7222","//mm.digikey.com/Volume0/opasdata/d220001/medias/images/4848/296_64-QFN.jpg","296-30113-2-ND,296-30113-1-ND,296-30113-6-ND,2156-AFE7222IRGCT-ND","AFE7222IRGCT","Texas Instruments","Texas Instruments,Rochester Electronics, LLC","IC AFE 4 CHAN 12BIT 64VQFN","0","31.52","0","1","Tape & Reel (TR),Cut Tape (CT),Digi-Reel®,Bulk","-","Active","12","4","610 mW","2.85V ~ 3.6V","1.7V ~ 1.9V","Surface Mount","64-VFQFN Exposed Pad","64-VQFN (9x9)","-","-"
"https://www.ti.com/general/docs/suppproductinfo.tsp?distId=10&gotoUrl=https%3A%2F%2Fwww.ti.com%2Flit%2Fgpn%2Fads1191","//mm.digikey.com/Volume0/opasdata/d220001/medias/images/769/296%3B-4223442%3B-RHB%3B-32.jpg","296-35023-2-ND,296-35023-1-ND,296-35023-6-ND","ADS1191IRSMT","Texas Instruments","Texas Instruments","IC AFE 1 CHAN 16BIT 32VQFN","34","5.13","0","1","Tape & Reel (TR),Cut Tape (CT),Digi-Reel®","-","Active","16","1","495 µW","2.7V ~ 5.25V","1.7V ~ 3.6V","Surface Mount","32-VFQFN Exposed Pad","32-VQFN (4x4)","-","-"
"https://www.ti.com/general/docs/suppproductinfo.tsp?distId=10&gotoUrl=https%3A%2F%2Fwww.ti.com%2Flit%2Fgpn%2Fafe4400","//mm.digikey.com/Volume0/opasdata/d220001/medias/images/640/40VQFN.jpg","296-38860-2-ND,296-38860-1-ND,296-38860-6-ND","AFE4400RHAR","Texas Instruments","Texas Instruments","IC AFE 1 CHAN 22BIT 40VQFN","52","6.87","0","1","Tape & Reel (TR),Cut Tape (CT),Digi-Reel®","-","Active","22","1","2.84 mW","2V ~ 3.6V","2V ~ 3.6V","Surface Mount","40-VFQFN Exposed Pad","40-VQFN (6x6)","-","-"
"https://www.ti.com/general/docs/suppproductinfo.tsp?distId=10&gotoUrl=https%3A%2F%2Fwww.ti.com%2Flit%2Fgpn%2Fafe4403","//mm.digikey.com/Volume0/opasdata/d220001/medias/images/2420/296; 4204741-10; YZP; 36.jpg","296-37959-2-ND,296-37959-1-ND,296-37959-6-ND","AFE4403YZPT","Texas Instruments","Texas Instruments","IC AFE 1 CHAN 22BIT 36DSBGA","68","9.11","0","1","Tape & Reel (TR),Cut Tape (CT),Digi-Reel®","-","Active","22","1","-","2V ~ 3.6V","2V ~ 3.6V","Surface Mount","36-XFBGA, DSBGA","36-DSBGA","-","-"
"https://www.ti.com/general/docs/suppproductinfo.tsp?distId=10&gotoUrl=https%3A%2F%2Fwww.ti.com%2Flit%2Fgpn%2Flm98714","//mm.digikey.com/Volume0/opasdata/d220001/medias/images/3623/Mfg_296%7E4040078%7EDGG%7E48.jpg","296-41069-2-ND,296-41069-1-ND,296-41069-6-ND","LM98714CCMTX/NOPB","Texas Instruments","Texas Instruments","IC AFE 3 CHAN 16BIT 48TSSOP","44","11.67","0","1","Tape & Reel (TR),Cut Tape (CT),Digi-Reel®","-","Active","16","3","610 mW","3V ~ 3.6V","3V ~ 3.6V","Surface Mount","48-TFSOP (0.240"", 6.10mm Width)","48-TSSOP","-","-"
"https://www.ti.com/general/docs/suppproductinfo.tsp?distId=10&gotoUrl=https%3A%2F%2Fwww.ti.com%2Flit%2Fgpn%2Fafe7222","//mm.digikey.com/Volume0/opasdata/d220001/medias/images/4848/296_64-QFN.jpg","296-30067-2-ND,296-30067-1-ND,296-30067-6-ND,2156-AFE7222IRGC25-TITR-ND","AFE7222IRGC25","Texas Instruments","Texas Instruments,Rochester Electronics, LLC","IC AFE 4 CHAN 12BIT 64VQFN","0","31.28","0","10","Tape & Reel (TR),Cut Tape (CT),Digi-Reel®,Bulk","-","Obsolete","12","4","610 mW","2.85V ~ 3.6V","1.7V ~ 1.9V","Surface Mount","64-VFQFN Exposed Pad","64-VQFN (9x9)","-","-"
"https://www.ti.com/general/docs/suppproductinfo.tsp?distId=10&gotoUrl=https%3A%2F%2Fwww.ti.com%2Flit%2Fgpn%2Fpga5807a","//mm.digikey.com/Volume0/opasdata/d220001/medias/images/4848/296_64-QFN.jpg","296-40485-2-ND,296-40485-1-ND,296-40485-6-ND,2156-PGA5807ARGCT-ND","PGA5807ARGCT","Texas Instruments","Texas Instruments,Rochester Electronics, LLC","IC AFE 8 CHAN 64VQFN","0","35.05","0","9","Tape & Reel (TR),Cut Tape (CT),Digi-Reel®,Bulk","-","Active","-","8","60 mW","3.15V ~ 3.16V","-","Surface Mount","64-VFQFN Exposed Pad","64-VQFN (9x9)","-","-"
"https://www.ti.com/general/docs/suppproductinfo.tsp?distId=10&gotoUrl=https%3A%2F%2Fwww.ti.com%2Flit%2Fgpn%2Flmp90077","//mm.digikey.com/Volume0/opasdata/d220001/medias/images/2583/Pkg MTC28.jpg","LMP90080MHE/NOPBTR-ND,LMP90080MHE/NOPBCT-ND,LMP90080MHE/NOPBDKR-ND","LMP90080MHE/NOPB","Texas Instruments","Texas Instruments","IC AFE 1 CHAN 16BIT 28TSSOP","0","11.82","0","1","Tape & Reel (TR),Cut Tape (CT),Digi-Reel®","-","Active","16","1","-","2.85V ~ 5.5V","2.7V ~ 5.5V","Surface Mount","28-TSSOP (0.173"", 4.40mm Width)","28-TSSOP","-","-"
"https://www.ti.com/general/docs/suppproductinfo.tsp?distId=10&gotoUrl=https%3A%2F%2Fwww.ti.com%2Flit%2Fgpn%2Flmp91050","//mm.digikey.com/Volume0/opasdata/d220001/medias/images/4190/296~4073272~DGS~10.JPG","296-38158-2-ND,296-38158-1-ND,296-38158-6-ND","LMP91050MMX/NOPB","Texas Instruments","Texas Instruments","IC AFE 1 CHAN 10VSSOP","0","3.35","0","1","Tape & Reel (TR),Cut Tape (CT),Digi-Reel®","-","Active","-","1","-","2.7V ~ 5.5V","2.7V ~ 5.5V","Surface Mount","10-TFSOP, 10-MSOP (0.118"", 3.00mm Width)","10-VSSOP","-","-"
"https://www.ti.com/general/docs/suppproductinfo.tsp?distId=10&gotoUrl=https%3A%2F%2Fwww.ti.com%2Flit%2Fgpn%2Fads1299-6","//mm.digikey.com/Volume0/opasdata/d220001/medias/images/376/64-TQFP.jpg","3301-ADS1299-6PAGRTR-ND,296-50891-2-ND,3301-ADS1299-6PAGRCT-ND,296-50891-1-ND,3301-ADS1299-6PAGRDKR-ND,296-50891-6-ND","ADS1299-6PAGR","Texas Instruments","Texas Instruments","IC AFE 6 CHAN 24BIT 64TQFP","0","58.93","0","1","Tape & Reel (TR),Tape & Reel (TR),Cut Tape (CT),Cut Tape (CT),Digi-Reel®,Digi-Reel®","-","Active","24","6","33 mW","5V","1.8V ~ 3.6V","Surface Mount","64-TQFP","64-TQFP (10x10)","-","-"
"-","//mm.digikey.com/Volume0/opasdata/d220001/medias/images/5972/488%7E567LA%7E%7E25.jpg","488-CEM102TR-ND,488-CEM102CT-ND,488-CEM102DKR-ND","CEM102","onsemi","onsemi","CGM ASSP CHICOPEE G0A07UN-J0XH-S","0","2.68","0","1","Tape & Reel (TR),Cut Tape (CT),Digi-Reel®","-","Active","-","2","-","2.375V ~ 3.63V","2.375V ~ 3.63V","Surface Mount","25-XFBGA, WLCSP","25-WLCSP (1.88x1.85)","-","-"
"https://www.ti.com/lit/ds/symlink/afe88201.pdf?ts=1703167849188&ref_url=https%253A%252F%252Fwww.ti.com%252Fsitesearch%252Fen-us%252Fdocs%252Funiversalsearch.tsp%253FlangPref%253Den-US%2526searchTerm%253DAFE88201RRUR%2526nr%253D4","//mm.digikey.com/Volume0/opasdata/d220001/medias/images/5789/296%7E4225850%7ERRU%7E24.jpg","296-AFE88201RRURTR-ND,296-AFE88201RRURCT-ND,296-AFE88201RRURDKR-ND","AFE88201RRUR","Texas Instruments","Texas Instruments","SINGLE-CHANNEL 16-BIT VOLTAGE AN","0","10.31","0","1","Tape & Reel (TR),Cut Tape (CT),Digi-Reel®","-","Active","16","2","-","1.71V ~ 1.89V, 2.7V ~ 5.5V","1.71V ~ 1.89V, 2.7V ~ 5.5V","Surface Mount","24-WFQFN","24-UQFN (4x4)","-","-"
"https://www.ti.com/lit/ds/symlink/afe882h1.pdf?ts=1705614418876&ref_url=https%253A%252F%252Fwww.ti.com%252Fsitesearch%252Fen-us%252Fdocs%252Funiversalsearch.tsp%253FlangPref%253Den-US%2526searchTerm%253DAFE882H1RRUR%2526nr%253D2","//mm.digikey.com/Volume0/opasdata/d220001/medias/images/5789/296%7E4225850%7ERRU%7E24.jpg","296-AFE882H1RRUTTR-ND,296-AFE882H1RRUTCT-ND,296-AFE882H1RRUTDKR-ND","AFE882H1RRUT","Texas Instruments","Texas Instruments","LOW-POWER AFE WITH HART , 16-BIT","0","14.74","0","1","Tape & Reel (TR),Cut Tape (CT),Digi-Reel®","-","Active","16","2","-","1.71V ~ 1.89V, 2.7V ~ 5.5V","1.71V ~ 1.89V, 2.7V ~ 5.5V","Surface Mount","24-WFQFN","24-UQFN (4x4)","-","-"
"-","//mm.digikey.com/Volume0/opasdata/d220001/medias/images/2838/568%7ESOT804-3%28D%29%7E%7E64.JPG","568-NAFE11388B40BSMPTR-ND,568-NAFE11388B40BSMPCT-ND,568-NAFE11388B40BSMPDKR-ND","NAFE11388B40BSMP","NXP USA Inc.","NXP USA Inc.","IC 8-IN LOW-POWER 25V AFE","0","19.89","0","1","Tape & Reel (TR),Cut Tape (CT),Digi-Reel®","-","Active","24","8","125 mW","2.97V ~ 3.6V","2.97V ~ 3.6V","Surface Mount, Wettable Flank","64-VFQFN Exposed Pad","64-HVQFN (9x9)","-","-"
"-","//mm.digikey.com/Volume0/opasdata/d220001/medias/images/2838/568%7ESOT804-3%28D%29%7E%7E64.JPG","568-NAFE11388B40BSKTR-ND,568-NAFE11388B40BSKCT-ND,568-NAFE11388B40BSKDKR-ND","NAFE11388B40BSK","NXP USA Inc.","NXP USA Inc.","IC 8-IN LOW-POWER 25V AFE","0","19.89","0","1","Tape & Reel (TR),Cut Tape (CT),Digi-Reel®","-","Active","24","8","125 mW","2.97V ~ 3.6V","2.97V ~ 3.6V","Surface Mount, Wettable Flank","64-VFQFN Exposed Pad","64-HVQFN (9x9)","-","-"
"-","//mm.digikey.com/Volume0/opasdata/d220001/medias/images/2838/568%7ESOT804-3%28D%29%7E%7E64.JPG","568-NAFE71388B40BSKTR-ND,568-NAFE71388B40BSKCT-ND,568-NAFE71388B40BSKDKR-ND","NAFE71388B40BSK","NXP USA Inc.","NXP USA Inc.","IC 8-IN HIGH-SPEED 25V AFE","0","20.53","0","1","Tape & Reel (TR),Cut Tape (CT),Digi-Reel®","-","Active","24","8","135 mW","2.97V ~ 3.63V","2.97V ~ 3.63V","Surface Mount, Wettable Flank","64-VFQFN Exposed Pad","64-HVQFN (9x9)","-","-"
"-","//mm.digikey.com/Volume0/opasdata/d220001/medias/images/2838/568%7ESOT804-3%28D%29%7E%7E64.JPG","568-NAFE71388B40BSMPTR-ND,568-NAFE71388B40BSMPCT-ND,568-NAFE71388B40BSMPDKR-ND","NAFE71388B40BSMP","NXP USA Inc.","NXP USA Inc.","IC 8-IN HIGH-SPEED 25V AFE","0","20.53","0","1","Tape & Reel (TR),Cut Tape (CT),Digi-Reel®","-","Active","24","8","135 mW","2.97V ~ 3.63V","2.97V ~ 3.63V","Surface Mount, Wettable Flank","64-VFQFN Exposed Pad","64-HVQFN (9x9)","-","-"
"https://www.ti.com/general/docs/suppproductinfo.tsp?distId=10&gotoUrl=https%3A%2F%2Fwww.ti.com%2Flit%2Fgpn%2Fads1191","//mm.digikey.com/Volume0/opasdata/d220001/medias/images/769/296%3B-4223442%3B-RHB%3B-32.jpg","296-50883-2-ND,296-50883-1-ND,296-50883-6-ND","ADS1191IRSMR","Texas Instruments","Texas Instruments","IC AFE 1 CHAN 16BIT 32VQFN","0","1.71539","0","3000","Tape & Reel (TR),Cut Tape (CT),Digi-Reel®","-","Active","16","1","495 µW","2.7V ~ 5.25V","1.7V ~ 3.6V","Surface Mount","32-VFQFN Exposed Pad","32-VQFN (4x4)","-","-"
"https://ww1.microchip.com/downloads/en/DeviceDoc/DS60001524A.pdf","//mm.digikey.com/Volume0/opasdata/d220001/medias/images/323/150;-32TQFP-1.2-7x7;-;-32.jpg","ATSENSE301HA-AURTR-ND,1611-ATSENSE301HA-AURCT-ND,ATSENSE301HA-AURCT-ND,ATSENSE301HA-AURDKR-ND","ATSENSE301HA-AUR","Microchip Technology","Microchip Technology","IC AFE 7 CHAN 24BIT 32TQFP","0","2.15","0","1","Tape & Reel (TR),Cut Tape (CT),Cut Tape (CT),Digi-Reel®","-","Active","24","7","2.5 mW","2.7V ~ 2.9V","3V ~ 3.6V","Surface Mount","32-TQFP","32-TQFP (7x7)","-","-"
"https://www.ti.com/general/docs/suppproductinfo.tsp?distId=10&gotoUrl=https%3A%2F%2Fwww.ti.com%2Flit%2Fgpn%2Fafe030","//mm.digikey.com/Volume0/opasdata/d220001/medias/images/416/48-VQFN-Exposed-Pad-RGZ.jpg","296-36552-2-ND,296-36552-1-ND,296-36552-6-ND","AFE030AIRGZR","Texas Instruments","Texas Instruments","IC AFE 1 CHAN 10BIT 48VQFN","0","2.27555","0","2500","Tape & Reel (TR),Cut Tape (CT),Digi-Reel®","-","Active","10","1","-","3V ~ 3.6V","3V ~ 3.6V","Surface Mount","48-VFQFN Exposed Pad","48-VQFN (7x7)","-","-"
"https://d3uzseaevmutz1.cloudfront.net/pubs/proDatasheet/WM8255_v4.7.pdf","//mm.digikey.com/Volume0/opasdata/d220001/medias/images/908/598%3B28QFN-.90-4x4%3B%3B28.jpg","598-2505-2-ND,598-2505-1-ND,598-2505-6-ND","WM8255BGEFL/RV","Cirrus Logic Inc.","Cirrus Logic Inc.","IC AFE 1 CHAN 16BIT 28QFN","0","3.24","0","1","Tape & Reel (TR),Cut Tape (CT),Digi-Reel®","-","Last Time Buy","16","1","-","2.97V ~ 3.63V, 4.75V ~ 6V","2.97V ~ 3.63V","Surface Mount","28-VFQFN Exposed Pad","28-QFN (4x4)","-","-"
"https://www.ti.com/general/docs/suppproductinfo.tsp?distId=10&gotoUrl=http%253A%252F%252Fwww.ti.com%252Flit%252Fgpn%252Flmp91300","//mm.digikey.com/Volume0/opasdata/d220001/medias/images/2405/24-QFN%20Exposed%20Pad.jpg","296-42684-2-ND,296-42684-1-ND,296-42684-6-ND","LMP91300NHZJ","Texas Instruments","Texas Instruments","IC AFE 1 CHAN 16BIT 24WQFN","0","4.25412","0","4500","Tape & Reel (TR),Cut Tape (CT),Digi-Reel®","-","Active","16","1","-","6.5V ~ 40V","6.5V ~ 40V","Surface Mount","24-WFQFN Exposed Pad","24-WQFN (4x5)","-","-"
"https://www.ti.com/general/docs/suppproductinfo.tsp?distId=10&gotoUrl=http%253A%252F%252Fwww.ti.com%252Flit%252Fgpn%252Flmp91300","//mm.digikey.com/Volume0/opasdata/d220001/medias/images/2405/24-QFN%20Exposed%20Pad.jpg","296-39583-2-ND,296-39583-1-ND,296-39583-6-ND","LMP91300NHZR","Texas Instruments","Texas Instruments","IC AFE 1 CHAN 16BIT 24WQFN","0","4.41774","0","1000","Tape & Reel (TR),Cut Tape (CT),Digi-Reel®","-","Active","16","1","-","6.5V ~ 40V","6.5V ~ 40V","Surface Mount","24-WFQFN Exposed Pad","24-WQFN (4x5)","-","-"
"https://ww1.microchip.com/downloads/en/DeviceDoc/DS60001524A.pdf","//mm.digikey.com/Volume0/opasdata/d220001/medias/images/323/150;-32TQFP-1.2-7x7;-;-32.jpg","ATSENSE301A-ANRTR-ND,ATSENSE301A-ANRCT-ND,ATSENSE301A-ANRDKR-ND","ATSENSE301A-ANR","Microchip Technology","Microchip Technology","IC AFE 7 CHAN 24BIT 32TQFP","0","5.1875","0","2000","Tape & Reel (TR),Cut Tape (CT),Digi-Reel®","-","Active","24","7","2.5 mW","2.7V ~ 2.9V","3V ~ 3.6V","Surface Mount","32-TQFP","32-TQFP (7x7)","-","-"
"https://www.ti.com/general/docs/suppproductinfo.tsp?distId=10&gotoUrl=https%3A%2F%2Fwww.ti.com%2Flit%2Fgpn%2Flmp90077","//mm.digikey.com/Volume0/opasdata/d220001/medias/images/510/28-TSSOP,MDP.jpg","296-38766-2-ND,296-38766-1-ND,296-38766-6-ND","LMP90077MHX/NOPB","Texas Instruments","Texas Instruments","IC AFE 1 CHAN 16BIT 28HTSSOP","0","5.40168","0","2500","Tape & Reel (TR),Cut Tape (CT),Digi-Reel®","-","Active","16","1","-","2.85V ~ 5.5V","2.7V ~ 5.5V","Surface Mount","28-PowerTSSOP (0.173"", 4.40mm Width)","28-HTSSOP","-","-"
"https://www.ti.com/general/docs/suppproductinfo.tsp?distId=10&gotoUrl=https%3A%2F%2Fwww.ti.com%2Flit%2Fgpn%2Flmp90077","//mm.digikey.com/Volume0/opasdata/d220001/medias/images/510/28-TSSOP,MDP.jpg","296-43076-2-ND,296-43076-1-ND,296-43076-6-ND","LMP90078MHX/NOPB","Texas Instruments","Texas Instruments","IC AFE 1 CHAN 16BIT 28HTSSOP","0","5.52904","0","2500","Tape & Reel (TR),Cut Tape (CT),Digi-Reel®","-","Active","16","1","-","2.85V ~ 5.5V","2.7V ~ 5.5V","Surface Mount","28-PowerTSSOP (0.173"", 4.40mm Width)","28-HTSSOP","-","-"
"https://www.nisshinbo-microdevices.co.jp/en/pdf/datasheet/NJU9103_E.pdf","//mm.digikey.com/Volume0/opasdata/d220001/medias/images/376/8-TSSOP.JPG","2129-NJU9103V-TE1TR-ND,2129-NJU9103V-TE1CT-ND,2129-NJU9103V-TE1DKR-ND","NJU9103V-TE1","Nisshinbo Micro Devices Inc.","Nisshinbo Micro Devices Inc.","IC AFE 1 CHAN 16BIT 8SSOP","0","5.7772","0","2000","Tape & Reel (TR),Cut Tape (CT),Digi-Reel®","-","Active","16","1","10 mW","2.7V ~ 3.6V","2.7V ~ 3.6V","Surface Mount","8-LSSOP (0.173"", 4.40mm Width)","8-SSOP","-","-"
"https://www.ti.com/general/docs/suppproductinfo.tsp?distId=10&gotoUrl=https%3A%2F%2Fwww.ti.com%2Flit%2Fgpn%2Flmp90077","//mm.digikey.com/Volume0/opasdata/d220001/medias/images/510/28-TSSOP,MDP.jpg","296-43077-2-ND,296-43077-1-ND,296-43077-6-ND","LMP90080MHX/NOPB","Texas Instruments","Texas Instruments","IC AFE 1 CHAN 16BIT 28HTSSOP","0","6.1002","0","2500","Tape & Reel (TR),Cut Tape (CT),Digi-Reel®","-","Active","16","1","-","2.85V ~ 5.5V","2.7V ~ 5.5V","Surface Mount","28-PowerTSSOP (0.173"", 4.40mm Width)","28-HTSSOP","-","-"
"https://www.ti.com/general/docs/suppproductinfo.tsp?distId=10&gotoUrl=https%3A%2F%2Fwww.ti.com%2Flit%2Fgpn%2Fads130e08","//mm.digikey.com/Volume0/opasdata/d220001/medias/images/376/64-TQFP.jpg","296-34771-2-ND,296-34771-1-ND,296-34771-6-ND","ADS130E08IPAGR","Texas Instruments","Texas Instruments","IC AFE 8 CHAN 16BIT 64TQFP","0","6.26937","0","1500","Tape & Reel (TR),Cut Tape (CT),Digi-Reel®","-","Active","16","8","6.6 mW","2.7V ~ 5.25V","1.7V ~ 3.6V","Surface Mount","64-TQFP","64-TQFP (10x10)","-","-"
"https://www.ti.com/general/docs/suppproductinfo.tsp?distId=10&gotoUrl=https%3A%2F%2Fwww.ti.com%2Flit%2Fgpn%2Fvsp5611","//mm.digikey.com/Volume0/opasdata/d220001/medias/images/416/56-VQFN-RSH.jpg","296-29262-2-ND,296-29262-1-ND,296-29262-6-ND","VSP5611RSHR","Texas Instruments","Texas Instruments","IC AFE 4 CHAN 16BIT 56VQFN","0","6.33916","0","2500","Tape & Reel (TR),Cut Tape (CT),Digi-Reel®","-","Active","16","4","426 mW","3V ~ 3.6V","3V ~ 3.6V","Surface Mount","56-VFQFN Exposed Pad","56-VQFN (7x7)","-","-"
"https://www.ti.com/general/docs/suppproductinfo.tsp?distId=10&gotoUrl=https%3A%2F%2Fwww.ti.com%2Flit%2Fgpn%2Flmp90077","//mm.digikey.com/Volume0/opasdata/d220001/medias/images/2583/Pkg MTC28.jpg","LMP90078MHE/NOPBTR-ND,LMP90078MHE/NOPBCT-ND,LMP90078MHE/NOPBDKR-ND","LMP90078MHE/NOPB","Texas Instruments","Texas Instruments","IC AFE 1 CHAN 16BIT 28TSSOP","0","7.91048","0","250","Tape & Reel (TR),Cut Tape (CT),Digi-Reel®","-","Active","16","1","-","2.85V ~ 5.5V","2.7V ~ 5.5V","Surface Mount","28-TSSOP (0.173"", 4.40mm Width)","28-TSSOP","-","-"
"-","//mm.digikey.com/Volume0/opasdata/d220001/medias/images/2377/846; SSOP-B20; FV; 20.jpg","BU6574FV-E2TR-ND,BU6574FV-E2CT-ND,BU6574FV-E2DKR-ND","BU6574FV-E2","Rohm Semiconductor","Rohm Semiconductor","IC AFE 1 CHAN 16BIT 20SSOP-B","0","7.93","0","1","Tape & Reel (TR),Cut Tape (CT),Digi-Reel®","-","Not For New Designs","16","1","400 mW","3.14V ~ 3.47V","3.3V","Surface Mount","20-LSSOP (0.173"", 4.40mm Width)","20-SSOP-B","-","-"
"https://www.ti.com/general/docs/suppproductinfo.tsp?distId=10&gotoUrl=https%3A%2F%2Fwww.ti.com%2Flit%2Fgpn%2Flmp90077","//mm.digikey.com/Volume0/opasdata/d220001/medias/images/2583/Pkg MTC28.jpg","LMP90077MHE/NOPBTR-ND,LMP90077MHE/NOPBCT-ND,LMP90077MHE/NOPBDKR-ND","LMP90077MHE/NOPB","Texas Instruments","Texas Instruments","IC AFE 1 CHAN 16BIT 28TSSOP","0","8.47684","0","250","Tape & Reel (TR),Cut Tape (CT),Digi-Reel®","-","Active","16","1","-","2.85V ~ 5.5V","2.7V ~ 5.5V","Surface Mount","28-TSSOP (0.173"", 4.40mm Width)","28-TSSOP","-","-"
"https://www.ti.com/general/docs/suppproductinfo.tsp?distId=10&gotoUrl=http%253A%252F%252Fwww.ti.com%252Flit%252Fgpn%252Flmp91300","//mm.digikey.com/Volume0/opasdata/d220001/medias/images/1145/TLA20GDA.jpg","296-39613-2-ND,296-39613-1-ND,296-39613-6-ND","LMP91300YZRT","Texas Instruments","Texas Instruments","IC AFE 1 CHAN 16BIT 20DSBGA","0","9.2","0","1","Tape & Reel (TR),Cut Tape (CT),Digi-Reel®","-","Obsolete","16","1","-","6.5V ~ 40V","6.5V ~ 40V","Surface Mount","20-WFBGA, DSBGA","20-DSBGA","-","-"
"//mm.digikey.com/Volume0/opasdata/d220001/medias/docus/1823/NJU9101.pdf","//mm.digikey.com/Volume0/opasdata/d220001/medias/images/380/AS1116-BQFT.jpg","2129-NJU9101MLE-TE1TR-ND,2129-NJU9101MLE-TE1CT-ND,2129-NJU9101MLE-TE1DKR-ND","NJU9101MLE-TE1","Nisshinbo Micro Devices Inc.","Nisshinbo Micro Devices Inc.","IC AFE 2 CHAN 16BIT 24EQFN","0","9.33594","0","1000","Tape & Reel (TR),Cut Tape (CT),Digi-Reel®","-","Active","16","2","2.1 W","2.4V ~ 3.6V","2.4V ~ 3.6V","Surface Mount","24-WFQFN Exposed Pad","24-EQFN (4x4)","-","-"
"https://www.ti.com/general/docs/suppproductinfo.tsp?distId=10&gotoUrl=https%3A%2F%2Fwww.ti.com%2Flit%2Fgpn%2Flmp90097","//mm.digikey.com/Volume0/opasdata/d220001/medias/images/2583/Pkg MTC28.jpg","LMP90098MHE/NOPBTR-ND,LMP90098MHE/NOPBCT-ND,LMP90098MHE/NOPBDKR-ND","LMP90098MHE/NOPB","Texas Instruments","Texas Instruments","IC AFE 1 CHAN 24BIT 28TSSOP","0","9.4572","0","250","Tape & Reel (TR),Cut Tape (CT),Digi-Reel®","-","Active","24","1","-","2.85V ~ 5.5V","2.7V ~ 5.5V","Surface Mount","28-TSSOP (0.173"", 4.40mm Width)","28-TSSOP","-","-"
"https://www.ti.com/general/docs/suppproductinfo.tsp?distId=10&gotoUrl=https%3A%2F%2Fwww.ti.com%2Flit%2Fgpn%2Fafe032","//mm.digikey.com/Volume0/opasdata/d220001/medias/images/416/48-VQFN-Exposed-Pad-RGZ.jpg","296-39897-2-ND,296-39897-1-ND,296-39897-6-ND","AFE032IRGZT","Texas Instruments","Texas Instruments","IC AFE 1 CHAN 12BIT 48VQFN","0","9.77","0","1","Tape & Reel (TR),Cut Tape (CT),Digi-Reel®","-","Active","12","1","-","3.3V","3.3V","Surface Mount","48-VFQFN Exposed Pad","48-VQFN (7x7)","-","-"
"https://www.ti.com/general/docs/suppproductinfo.tsp?distId=10&gotoUrl=http%253A%252F%252Fwww.ti.com%252Flit%252Fgpn%252Fvsp2582","//mm.digikey.com/Volume0/opasdata/d220001/medias/images/416/36-VQFN-Exposed-Pad-RHH.jpg","296-29405-2-ND,296-29405-1-ND,296-29405-6-ND","VSP2582RHHR","Texas Instruments","Texas Instruments","IC AFE 1 CHAN 12BIT 36VQFN","0","10.76","0","1","Tape & Reel (TR),Cut Tape (CT),Digi-Reel®","-","Last Time Buy","12","1","85 mW","2.7V ~ 3.6V","2.7V ~ 3.6V","Surface Mount","36-VFQFN Exposed Pad","36-VQFN (6x6)","-","-"
"https://www.ti.com/general/docs/suppproductinfo.tsp?distId=10&gotoUrl=http%253A%252F%252Fwww.ti.com%252Flit%252Fgpn%252Fvsp5610","//mm.digikey.com/Volume0/opasdata/d220001/medias/images/416/56-VQFN-RSH.jpg","296-29456-2-ND,296-29456-1-ND,296-29456-6-ND","VSP5610RSHR","Texas Instruments","Texas Instruments","IC AFE 4 CHAN 16BIT 56VQFN","0","11.61","0","1","Tape & Reel (TR),Cut Tape (CT),Digi-Reel®","-","Active","16","4","426 mW","3V ~ 3.6V","3V ~ 3.6V","Surface Mount","56-VFQFN Exposed Pad","56-VQFN (7x7)","-","-"
"https://www.ti.com/general/docs/suppproductinfo.tsp?distId=10&gotoUrl=https%3A%2F%2Fwww.ti.com%2Flit%2Fgpn%2Fvsp2560","//mm.digikey.com/Volume0/opasdata/d220001/medias/images/310/296;-4040052;-PT;-48.jpg","296-23846-2-ND,296-23846-1-ND,296-23846-6-ND","VSP2560PTR","Texas Instruments","Texas Instruments","IC AFE 2 CHAN 10BIT 48LQFP","0","12.31","0","1","Tape & Reel (TR),Cut Tape (CT),Digi-Reel®","-","Last Time Buy","10","2","86 mW","2.7V ~ 3.6V","2.7V ~ 3.6V","Surface Mount","48-LQFP","48-LQFP (7x7)","-","-"
"https://www.analog.com/media/en/technical-documentation/data-sheets/AD9920A.pdf","//mm.digikey.com/Volume0/opasdata/d220001/medias/images/392/505;BC-105;BC;105.jpg","AD9920ABBCZRLTR-ND,AD9920ABBCZRLCT-ND,AD9920ABBCZRLDKR-ND","AD9920ABBCZRL","Analog Devices Inc.","Analog Devices Inc.","IC PROCESSOR CCD 12BIT 105CSBGA","0","Active","0","1","Tape & Reel (TR),Cut Tape (CT),Digi-Reel®","-","Active","12","1","-","1.6V ~ 2V","1.6V ~ 2V","Surface Mount","105-LFBGA, CSPBGA","105-CSPBGA (8x8)","-","-"
"https://www.analog.com/media/en/technical-documentation/data-sheets/AD7730_7730L.pdf","//mm.digikey.com/Volume0/opasdata/d220001/medias/images/4993/505~RW-24~R,-RW,-S~24.JPG","AD7730BR-REEL7TR-ND,AD7730BR-REEL7CT-ND,AD7730BR-REEL7DKR-ND","AD7730BR-REEL7","Analog Devices Inc.","Analog Devices Inc.","IC AFE 1 CHAN 24BIT 24SOIC","0","Obsolete","0","0","Tape & Reel (TR),Cut Tape (CT),Digi-Reel®","-","Obsolete","24","1","125 mW","5V","2.7V ~ 5.25V","Surface Mount","24-SOIC (0.295"", 7.50mm Width)","24-SOIC","-","-"
"http://www.ti.com/lit/pdf/slos711a","//mm.digikey.com/Volume0/opasdata/d220001/medias/images/4848/296_64-QFN.jpg","296-30112-2-ND,296-30112-1-ND,296-30112-6-ND","AFE7225IRGC25","Texas Instruments","Texas Instruments","IC AFE 4 CHAN 12BIT 64VQFN","0","Obsolete","0","0","Tape & Reel (TR),Cut Tape (CT),Digi-Reel®","-","Obsolete","12","4","650 mW","2.85V ~ 3.6V","1.7V ~ 1.9V","Surface Mount","64-VFQFN Exposed Pad","64-VQFN (9x9)","-","-"
"https://www.analog.com/media/en/technical-documentation/data-sheets/ADPD174GGI.pdf","-","ADPD174GGI-ACEZR7TR-ND,ADPD174GGI-ACEZR7CT-ND,ADPD174GGI-ACEZR7DKR-ND","ADPD174GGI-ACEZR7","Analog Devices Inc.","Analog Devices Inc.","IC AFE 1 CHAN 14BIT OPTICAL MOD","0","Active","0","0","Tape & Reel (TR),Cut Tape (CT),Digi-Reel®","-","Active","14","1","-","-","-","-","-","-","-","-"
"https://www.analog.com/media/en/technical-documentation/data-sheets/ADPD105-106-107.pdf","//mm.digikey.com/Volume0/opasdata/d220001/medias/images/2370/505%3B-CB-17-1%3B-CB%3B-17._sml.jpg","ADPD107BCBZR7TR-ND,ADPD107BCBZR7CT-ND,ADPD107BCBZR7DKR-ND","ADPD107BCBZR7","Analog Devices Inc.","Analog Devices Inc.","IC AFE 4 CHAN 14BIT 17WLCSP","0","Active","0","0","Tape & Reel (TR),Cut Tape (CT),Digi-Reel®","-","Active","14","4","-","1.7V ~ 1.9V","1.7V ~ 1.9V","Surface Mount","17-UFBGA, WLCSP","17-WLCSP (2.46x1.4)","-","-"
"https://www.analog.com/media/en/technical-documentation/data-sheets/ADPD175GGI.pdf","-","ADPD175GGI-ACEZRL7TR-ND,ADPD175GGI-ACEZRL7CT-ND,ADPD175GGI-ACEZRL7DKR-ND","ADPD175GGI-ACEZRL7","Analog Devices Inc.","Analog Devices Inc.","IC AFE MODULE FOR HRM/SPO2","0","Active","0","0","Tape & Reel (TR),Cut Tape (CT),Digi-Reel®","-","Active","-","-","-","-","-","-","Module","Module","-","-"
"https://www.ti.com/general/docs/suppproductinfo.tsp?distId=10&gotoUrl=http%253A%252F%252Fwww.ti.com%252Flit%252Fgpn%252Flmp91300","//mm.digikey.com/Volume0/opasdata/d220001/medias/images/2405/24-QFN%20Exposed%20Pad.jpg","296-LMP91300NHZTTR-ND,296-LMP91300NHZTCT-ND,296-LMP91300NHZTDKR-ND","LMP91300NHZT","Texas Instruments","Texas Instruments","IC AFE 1 CHAN 16BIT 24WQFN","0","Obsolete","0","0","Tape & Reel (TR),Cut Tape (CT),Digi-Reel®","-","Obsolete","16","1","-","6.5V ~ 40V","6.5V ~ 40V","Surface Mount","24-WFQFN Exposed Pad","24-WQFN (4x5)","-","-"
